ArticleTitle,Question,Answer,,,,,,,,,,,,,,,,,,,,,,,,,,,,,,,,,,,,,,
Alessandro_Volta,Was Volta an Italian physicist?,yes,,,,,,,,,,,,,,,,,,,,,,,,,,,,,,,,,,,,,,
Alessandro_Volta,Was Volta an Italian physicist?,yes,,,,,,,,,,,,,,,,,,,,,,,,,,,,,,,,,,,,,,
Alessandro_Volta,Is Volta buried in the city of Pittsburgh?,no,,,,,,,,,,,,,,,,,,,,,,,,,,,,,,,,,,,,,,
Alessandro_Volta,Is Volta buried in the city of Pittsburgh?,no,,,,,,,,,,,,,,,,,,,,,,,,,,,,,,,,,,,,,,
Alessandro_Volta,Did Volta have a passion for the study of electricity?,yes,,,,,,,,,,,,,,,,,,,,,,,,,,,,,,,,,,,,,,
Alessandro_Volta,Did Volta have a passion for the study of electricity?,yes,,,,,,,,,,,,,,,,,,,,,,,,,,,,,,,,,,,,,,
Alessandro_Volta,What is the battery made by Volta credited to be?,the first cell,,,,,,,,,,,,,,,,,,,,,,,,,,,,,,,,,,,,,,
Alessandro_Volta,What is the battery made by Volta credited to be?,the first cell,,,,,,,,,,,,,,,,,,,,,,,,,,,,,,,,,,,,,,
Alessandro_Volta,What important electrical unit was named in honor of Volta?,the volt,,,,,,,,,,,,,,,,,,,,,,,,,,,,,,,,,,,,,,
Alessandro_Volta,What important electrical unit was named in honor of Volta?,volt,,,,,,,,,,,,,,,,,,,,,,,,,,,,,,,,,,,,,,
Alessandro_Volta,Where did Volta enter retirement?,Spain,,,,,,,,,,,,,,,,,,,,,,,,,,,,,,,,,,,,,,
Alessandro_Volta,Where did Volta enter retirement?,Spain,,,,,,,,,,,,,,,,,,,,,,,,,,,,,,,,,,,,,,
Alessandro_Volta,Is it a disadvantage for something to be unsafe to handle?,yes,,,,,,,,,,,,,,,,,,,,,,,,,,,,,,,,,,,,,,
Alessandro_Volta,Is it a disadvantage for something to be unsafe to handle?,yes,,,,,,,,,,,,,,,,,,,,,,,,,,,,,,,,,,,,,,
Alessandro_Volta,Was Lombardy under Napoleon's rule in 1800?,yes,,,,,,,,,,,,,,,,,,,,,,,,,,,,,,,,,,,,,,
Alessandro_Volta,Was Lombardy under Napoleon's rule in 1800?,yes,,,,,,,,,,,,,,,,,,,,,,,,,,,,,,,,,,,,,,
Alessandro_Volta,Was the Italian 10.000 lira banknote created before the euro?,yes,,,,,,,,,,,,,,,,,,,,,,,,,,,,,,,,,,,,,,
Alessandro_Volta,Was the Italian 10.000 lira banknote created before the euro?,yes,,,,,,,,,,,,,,,,,,,,,,,,,,,,,,,,,,,,,,
Alessandro_Volta,For how many years did Alessandro Volta live?,53,,,,,,,,,,,,,,,,,,,,,,,,,,,,,,,,,,,,,,
Alessandro_Volta,Did Alessandro Volta live to be 80 years old?,no,,,,,,,,,,,,,,,,,,,,,,,,,,,,,,,,,,,,,,
Alessandro_Volta,What was Alessandro Volta`s profession?,physisist,,,,,,,,,,,,,,,,,,,,,,,,,,,,,,,,,,,,,,
Alessandro_Volta,How old was Alessandro Volta when he died?,82,,,,,,,,,,,,,,,,,,,,,,,,,,,,,,,,,,,,,,
Alessandro_Volta,How many years ago was it when Volta married the daughter of Count Ludovico Peregrini , Teresa ,hard,S09_set4_a10,,,,,,,,,,,,,,,,,,,,,,,,,,,,,,,,,,,,
Alessandro_Volta,Is the electrolyte sulphuric acid?,Yes,,,,,,,,,,,,,,,,,,,,,,,,,,,,,,,,,,,,,,
Alessandro_Volta,Is volta buried in the city  of Como?,Yes,,,,,,,,,,,,,,,,,,,,,,,,,,,,,,,,,,,,,,
Alessandro_Volta,Was his 1800  paper written in French?,Yes,,,,,,,,,,,,,,,,,,,,,,,,,,,,,,,,,,,,,,
Alessandro_Volta,Before 1796, was Lombardy ruled by Austria?,S09_set4_a10,,,,,,,,,,,,,,,,,,,,,,,,,,,,,,,,,,,,,
Alessandro_Volta,Did he receive the Society`s 1794 Copley Medal?,Yes,,,,,,,,,,,,,,,,,,,,,,,,,,,,,,,,,,,,,,
Alessandro_Volta,Did he experiment with individual cells?,Yes,,,,,,,,,,,,,,,,,,,,,,,,,,,,,,,,,,,,,,
Alessandro_Volta,When did lombardy come under Napoleon`s rule?,From 1796 to 1815,,,,,,,,,,,,,,,,,,,,,,,,,,,,,,,,,,,,,,
Alessandro_Volta,Where did he publish his invention of the Voltaic pile battery?,the Philosophical Transactions of the Royal Society,,,,,,,,,,,,,,,,,,,,,,,,,,,,,,,,,,,,,,
Alessandro_Volta,Did he become professor of experimental physics at the University of Pavia?,Yes,,,,,,,,,,,,,,,,,,,,,,,,,,,,,,,,,,,,,,
Alessandro_Volta,Is it true that his passion been always the study of electricity?,Yes,,,,,,,,,,,,,,,,,,,,,,,,,,,,,,,,,,,,,,
Alessandro_Volta,His passion been always the study of what?,Electricity,,,,,,,,,,,,,,,,,,,,,,,,,,,,,,,,,,,,,,
Alessandro_Volta,Is it true that Volta married the daughter of Count Ludovico Peregrini?,Yes,,,,,,,,,,,,,,,,,,,,,,,,,,,,,,,,,,,,,,
Alessandro_Volta,Is it true that he published his invention of the Voltaic pile battery?,Yes,,,,,,,,,,,,,,,,,,,,,,,,,,,,,,,,,,,,,,
Amedeo_Avogadro,Was Amedeo Avogadro Italian?,Yes,,,,,,,,,,,,,,,,,,,,,,,,,,,,,,,,,,,,,,
Amedeo_Avogadro,Was Amedeo Avogadro Italian?,yes,,,,,,,,,,,,,,,,,,,,,,,,,,,,,,,,,,,,,,
Amedeo_Avogadro,Did Amedeo Avogadro graduate?,Yes,,,,,,,,,,,,,,,,,,,,,,,,,,,,,,,,,,,,,,
Amedeo_Avogadro,Did Amedeo Avogadro graduate?,yes,,,,,,,,,,,,,,,,,,,,,,,,,,,,,,,,,,,,,,
Amedeo_Avogadro,Did Avogadro live in England?,No,,,,,,,,,,,,,,,,,,,,,,,,,,,,,,,,,,,,,,
Amedeo_Avogadro,Where was Avogadro a professor of physics?,University of Turin,,,,,,,,,,,,,,,,,,,,,,,,,,,,,,,,,,,,,,
Amedeo_Avogadro,Where was Avogadro a professor of physics?,University of Turin,,,,,,,,,,,,,,,,,,,,,,,,,,,,,,,,,,,,,,
Amedeo_Avogadro,How many children did Avogadro have?,six,,,,,,,,,,,,,,,,,,,,,,,,,,,,,,,,,,,,,,
Amedeo_Avogadro,How many children did Avogadro have?,six,,,,,,,,,,,,,,,,,,,,,,,,,,,,,,,,,,,,,,
Amedeo_Avogadro,What is Avogadro most noted for?,contributions to the theory of molarity and molecular weight,,,,,,,,,,,,,,,,,,,,,,,,,,,,,,,,,,,,,,
Amedeo_Avogadro,What is Avogadro most noted for?,contributions to the theory of molarity and molecular weight,,,,,,,,,,,,,,,,,,,,,,,,,,,,,,,,,,,,,,
Amedeo_Avogadro,What is Avogadro's number?,6.02214199x10 23,,,,,,,,,,,,,,,,,,,,,,,,,,,,,,,,,,,,,,
Amedeo_Avogadro,What is Avogadro's number?,6.02214199x10 23,,,,,,,,,,,,,,,,,,,,,,,,,,,,,,,,,,,,,,
Amedeo_Avogadro,In what year did Avogadro stop teaching at Turin University?,1853,,,,,,,,,,,,,,,,,,,,,,,,,,,,,,,,,,,,,,
Amedeo_Avogadro,In what year did Avogadro stop teaching at Turin University?,1823,,,,,,,,,,,,,,,,,,,,,,,,,,,,,,,,,,,,,,
Amedeo_Avogadro,What subject did Avogadro study first?,ecclesiastical law,,,,,,,,,,,,,,,,,,,,,,,,,,,,,,,,,,,,,,
Amedeo_Avogadro,What subject did Avogadro study first?,ecclesiastical law,,,,,,,,,,,,,,,,,,,,,,,,,,,,,,,,,,,,,,
Amedeo_Avogadro,What was Amedeo Avogadro`s birthplace?,Turin,,,,,,,,,,,,,,,,,,,,,,,,,,,,,,,,,,,,,,
Amedeo_Avogadro,What was Amedeo Avogadro`s profession?,professor of physics,,,,,,,,,,,,,,,,,,,,,,,,,,,,,,,,,,,,,,
Amedeo_Avogadro,How many years ago was it when he became a professor of physics at the University of Turin?,189,,,,,,,,,,,,,,,,,,,,,,,,,,,,,,,,,,,,,,
Amedeo_Avogadro,What is Amedeo Avogadro`s first name?,Amedeo,,,,,,,,,,,,,,,,,,,,,,,,,,,,,,,,,,,,,,
Amedeo_Avogadro,What is Amedeo Avogadro`s last name?,Avogadro,,,,,,,,,,,,,,,,,,,,,,,,,,,,,,,,,,,,,,
Amedeo_Avogadro,Was Amedeo Avogadro born in North America?,no,,,,,,,,,,,,,,,,,,,,,,,,,,,,,,,,,,,,,,
Amedeo_Avogadro,Was King Victor  Emmanuel  III there to pay  homage  to Avogadro?,Yes,,,,,,,,,,,,,,,,,,,,,,,,,,,,,,,,,,,,,,
Amedeo_Avogadro,In fact, was Avogadro `s  famous  1811  paper written in French . ),S09_set4_a8,,,,,,,,,,,,,,,,,,,,,,,,,,,,,,,,,,,,,
Amedeo_Avogadro,Is avogadro `s  number commonly used to compute  the results  of chemical reactions?,Yes,,,,,,,,,,,,,,,,,,,,,,,,,,,,,,,,,,,,,,
Amedeo_Avogadro,Hence, can relative molecular  masses be calculated from the masses  of gas samples?,S09_set4_a8,,,,,,,,,,,,,,,,,,,,,,,,,,,,,,,,,,,,,
Amedeo_Avogadro,Did he publish his work?,Yes,,,,,,,,,,,,,,,,,,,,,,,,,,,,,,,,,,,,,,
Amedeo_Avogadro,Did Avogadro submit his poem?,Yes.,,,,,,,,,,,,,,,,,,,,,,,,,,,,,,,,,,,,,,
Amedeo_Avogadro,Is it true that loschmidt calculated first the value of Avogadro number?,Yes,,,,,,,,,,,,,,,,,,,,,,,,,,,,,,,,,,,,,,
Amedeo_Avogadro,Loschmidt calculated first the value of what?,Avogadro's number,,,,,,,,,,,,,,,,,,,,,,,,,,,,,,,,,,,,,,
Amedeo_Avogadro,Hence , can relative molecular masses be calculated from the masses of gas samples ?,S09_set4_a8,,,,,,,,,,,,,,,,,,,,,,,,,,,,,,,,,,,,,
Amedeo_Avogadro,"Can the title of this famous 1811 paper be roughly translated into English as ""essay on determining the Relative Masses of the Elementary Molecules of Bodies"" ?",Yes.,,,,,,,,,,,,,,,,,,,,,,,,,,,,,,,,,,,,,,
Amedeo_Avogadro,What is Amedeo Avogadro?,A person.,,,,,,,,,,,,,,,,,,,,,,,,,,,,,,,,,,,,,,
Amedeo_Avogadro,Where is Amedeo Avogadro from?,Italy.,,,,,,,,,,,,,,,,,,,,,,,,,,,,,,,,,,,,,,
Anders_Celsius,When did Anders Celcius publish his observations on the aurora borealis?,1733,,,,,,,,,,,,,,,,,,,,,,,,,,,,,,,,,,,,,,
Anders_Celsius,When did Anders Celcius publish his observations on the aurora borealis?,1733,,,,,,,,,,,,,,,,,,,,,,,,,,,,,,,,,,,,,,
Anders_Celsius,What did Anders Celsius determine about the boiling of water?,He determined the dependence of the boiling of water with atmospheric pressure.,,,,,,,,,,,,,,,,,,,,,,,,,,,,,,,,,,,,,,
Anders_Celsius,What did Anders Celsius determine about the boiling of water?,dependence with atmospheric pressure,,,,,,,,,,,,,,,,,,,,,,,,,,,,,,,,,,,,,,
Anders_Celsius,Which temperature scale did Celsius propose?,Celcius,,,,,,,,,,,,,,,,,,,,,,,,,,,,,,,,,,,,,,
Anders_Celsius,Which temperature scale did Celsius propose?, the Celsius temperature scale ,,,,,,,,,,,,,,,,,,,,,,,,,,,,,,,,,,,,,,
Anders_Celsius,What is the boiling point of water dependent on?,atmospheric pressure,,,,,,,,,,,,,,,,,,,,,,,,,,,,,,,,,,,,,,
Anders_Celsius,What is the boiling point of water dependent on?,atmospheric pressure,,,,,,,,,,,,,,,,,,,,,,,,,,,,,,,,,,,,,,
Anders_Celsius,Where was Celsius born?,Uppsala in Sweden,,,,,,,,,,,,,,,,,,,,,,,,,,,,,,,,,,,,,,
Anders_Celsius,Where was Celsius born?,Uppsala,S09_set4_a5,,,,,,,,,,,,,,,,,,,,,,,,,,,,,,,,,,,,,
Anders_Celsius,"Whad did Celsius report in his paper ""Observations of two persistent degrees on a thermometer""?",the freezing point is independent of latitude,,,,,,,,,,,,,,,,,,,,,,,,,,,,,,,,,,,,,,
Anders_Celsius,How old was Celsius when he died?,42,,,,,,,,,,,,,,,,,,,,,,,,,,,,,,,,,,,,,,
Anders_Celsius,How old was Celsius when he died?,42,,,,,,,,,,,,,,,,,,,,,,,,,,,,,,,,,,,,,,
Anders_Celsius,What is temperature would water have to be to be halfway between its standard boiling and freezing point?,50,,,,,,,,,,,,,,,,,,,,,,,,,,,,,,,,,,,,,,
Anders_Celsius,What is the difference between Celsius' original temperature scale and the one we use today?,The scale was reversed by Carolus Linnaeus. ,,,,,,,,,,,,,,,,,,,,,,,,,,,,,,,,,,,,,,
Anders_Celsius,What is the difference between Celsius' original temperature scale and the one we use today?,scale was reversed ,,,,,,,,,,,,,,,,,,,,,,,,,,,,,,,,,,,,,,
Anders_Celsius,What was Anders Celsius`s profession?,professor of astronomy,,,,,,,,,,,,,,,,,,,,,,,,,,,,,,,,,,,,,,
Anders_Celsius,How old was Anders Celsius when he died?,42,,,,,,,,,,,,,,,,,,,,,,,,,,,,,,,,,,,,,,
Anders_Celsius,What is Anders Celsius`s last name?,Celsius,,,,,,,,,,,,,,,,,,,,,,,,,,,,,,,,,,,,,,
Anders_Celsius,Was celsius born in Uppsala  in Sweden?,yes,,,,,,,,,,,,,,,,,,,,,,,,,,,,,,,,,,,,,,
Anders_Celsius,Is The Celsius  crater  on the Moon named after him?,yes,,,,,,,,,,,,,,,,,,,,,,,,,,,,,,,,,,,,,,
Anders_Celsius,Was Anders Celsius  ( November 27 ,  1701  April 25 ,easy,S09_set4_a5,,,,,,,,,,,,,,,,,,,,,,,,,,,,,,,,,,,,
Anders_Celsius,Was Anders Celsius the first  to perform  and  publish  careful experiments  aiming at the definition  of an international  temperature  scale  on scientific grounds?,yes,,,,,,,,,,,,,,,,,,,,,,,,,,,,,,,,,,,,,,
Anders_Celsius,Was he professor at Uppsala University?,yes,,,,,,,,,,,,,,,,,,,,,,,,,,,,,,,,,,,,,,
Anders_Celsius,Is it true that he published a collection of 316 observations?,yes,,,,,,,,,,,,,,,,,,,,,,,,,,,,,,,,,,,,,,
Anders_Celsius,He published a collection of what?,observations,,,,,,,,,,,,,,,,,,,,,,,,,,,,,,,,,,,,,,
Arabic_language,Pronouns in which location are marked for person , number and gender?,S09_set5_a3,,,,,,,,,,,,,,,,,,,,,,,,,,,,,,,,,,,,,
Arabic_language,Can syllables begin with a vowel?,no,,,,,,,,,,,,,,,,,,,,,,,,,,,,,,,,,,,,,,
Arabic_language,Are calligraphers held in great esteem?,Yes,,,,,,,,,,,,,,,,,,,,,,,,,,,,,,,,,,,,,,
Arabic_language,Have many European languages borrowed numerous words from it?,yes,,,,,,,,,,,,,,,,,,,,,,,,,,,,,,,,,,,,,,
Arabic_language,Are the most active in Damascus and Cairo?,(bad question),,,,,,,,,,,,,,,,,,,,,,,,,,,,,,,,,,,,,,
Arabic_language,Do arabs consider literary Arabic?,(bad question),,,,,,,,,,,,,,,,,,,,,,,,,,,,,,,,,,,,,,
Arabic_language,Was Arabic vehicle in science?,NULL,,,,,,,,,,,,,,,,,,,,,,,,,,,,,,,,,,,,,,
Arabic_language,Is it true that the sociolinguistic situation of Arabic provides a prime example of the linguistic phenomenon?,NULL,,,,,,,,,,,,,,,,,,,,,,,,,,,,,,,,,,,,,,
Arabic_language,The sociolinguistic situation of Arabic provides a prime example of what?,the linguistic phenomenon of diglossia,,,,,,,,,,,,,,,,,,,,,,,,,,,,,,,,,,,,,,
Arabic_language,Is arabic source of vocabulary?,NULL,,,,,,,,,,,,,,,,,,,,,,,,,,,,,,,,,,,,,,
Arabic_language,Is arabic language of the Qur an?,NULL,,,,,,,,,,,,,,,,,,,,,,,,,,,,,,,,,,,,,,
Arabic_language,Is it true that most speak Arabic as their native language?,NULL,,,,,,,,,,,,,,,,,,,,,,,,,,,,,,,,,,,,,,
Arabic_language,Are pronouns in Literary Arabic marked for person , number and gender ?,S09_set5_a3,,,,,,,,,,,,,,,,,,,,,,,,,,,,,,,,,,,,,
Arabic_language,However , are non-human plural nouns grammatically considered to be feminine singular ?,S09_set5_a3,,,,,,,,,,,,,,,,,,,,,,,,,,,,,,,,,,,,,
Bee,Is a bee an insect?,yes,,,,,,,,,,,,,,,,,,,,,,,,,,,,,,,,,,,,,,
Bee,Are bees related to ants?,yes,,,,,,,,,,,,,,,,,,,,,,,,,,,,,,,,,,,,,,
Bee,Have managed populations of European honey bees experienced substantial declines?,yes,,,,,,,,,,,,,,,,,,,,,,,,,,,,,,,,,,,,,,
Bee,Where do bees live?,in colonies,,,,,,,,,,,,,,,,,,,,,,,,,,,,,,,,,,,,,,
Bee,When do bumblebee colonies reach peak population?,mid to late summer,,,,,,,,,,,,,,,,,,,,,,,,,,,,,,,,,,,,,,
Bee,What do people commonly call cleptoparasitic bees?,cuckoo bees,,,,,,,,,,,,,,,,,,,,,,,,,,,,,,,,,,,,,,
Bee,How did vespoid wasps evolve?,from predatory ancestors,,,,,,,,,,,,,,,,,,,,,,,,,,,,,,,,,,,,,,
Bee,What do humans use bees for?,honey,,,,,,,,,,,,,,,,,,,,,,,,,,,,,,,,,,,,,,
Bee,Why do honey bee queens continue to lay eggs during the foraging season?,to replace daily casualties,,,,,,,,,,,,,,,,,,,,,,,,,,,,,,,,,,,,,,
Beijing,"Does Beijing mean ""northern capital""?",yes,,,,,,,,,,,,,,,,,,,,,,,,,,,,,,,,,,,,,,
Beijing,Are the caves of Dragon Bone Hill near the village of Zhoukoudian in Fangshan District?,yes,,,,,,,,,,,,,,,,,,,,,,,,,,,,,,,,,,,,,,
Beijing,Are hutongs disappearing?,yes,,,,,,,,,,,,,,,,,,,,,,,,,,,,,,,,,,,,,,
Beijing,When did Beijing host the Olympic Games?,2008,,,,,,,,,,,,,,,,,,,,,,,,,,,,,,,,,,,,,,
Beijing,When was the An Shi Rebellion launched?,in 755 AD,,,,,,,,,,,,,,,,,,,,,,,,,,,,,,,,,,,,,,
Beijing,In 1949, where did Communist forces enter without a fight?,S09_set3_a7,,,,,,,,,,,,,,,,,,,,,,,,,,,,,,,,,,,,,
Beijing,When did Yuan Shikai die?,1916,,,,,,,,,,,,,,,,,,,,,,,,,,,,,,,,,,,,,,
Beijing,Where does air pollution in Beijing come from?,surrounding cities and provinces,,,,,,,,,,,,,,,,,,,,,,,,,,,,,,,,,,,,,,
Beijing,As of August 1st,2006,medium,S09_set3_a7,,,,,,,,,,,,,,,,,,,,,,,,,,,,,,,,,,,,
Beijing,What is the name of a university (or similar institution for imparting higher education) in Beijing?,Tsinghua University,,,,,,,,,,,,,,,,,,,,,,,,,,,,,,,,,,,,,,
Beijing,Are famous middle  schools  in Beijing :?,Yes,,,,,,,,,,,,,,,,,,,,,,,,,,,,,,,,,,,,,,
Blaise_Pascal,Was Blaise Pascal a mathematician of the first order?,yes,,,,,,,,,,,,,,,,,,,,,,,,,,,,,,,,,,,,,,
Blaise_Pascal,Was Blaise Pascal a mathematician of the first order?,yes,,,,,,,,,,,,,,,,,,,,,,,,,,,,,,,,,,,,,,
Blaise_Pascal,Could Blaise Pascal move without crutches?,He could move without crutches until a paralytic attack in 1647.,,,,,,,,,,,,,,,,,,,,,,,,,,,,,,,,,,,,,,
Blaise_Pascal,Could Blaise Pascal move without crutches?,no,,,,,,,,,,,,,,,,,,,,,,,,,,,,,,,,,,,,,,
Blaise_Pascal,Has the name Pascal been given to the SI unit of pressure?,yes,,,,,,,,,,,,,,,,,,,,,,,,,,,,,,,,,,,,,,
Blaise_Pascal,Has the name Pascal been given to the SI unit of pressure?,yes,,,,,,,,,,,,,,,,,,,,,,,,,,,,,,,,,,,,,,
Blaise_Pascal,From what did Pascal suffer throughout his life?,ill health,,,,,,,,,,,,,,,,,,,,,,,,,,,,,,,,,,,,,,
Blaise_Pascal,From what did Pascal suffer throughout his life?,poor health,,,,,,,,,,,,,,,,,,,,,,,,,,,,,,,,,,,,,,
Blaise_Pascal,What did Pascal argue was as perfect as possible?,the procedure used in geometry ,,,,,,,,,,,,,,,,,,,,,,,,,,,,,,,,,,,,,,
Blaise_Pascal,What did Pascal argue was as perfect as possible?,the procedure used in geometry,,,,,,,,,,,,,,,,,,,,,,,,,,,,,,,,,,,,,,
Blaise_Pascal,What is the best physician?,Time,,,,,,,,,,,,,,,,,,,,,,,,,,,,,,,,,,,,,,
Blaise_Pascal,Who was the eldest sibling?,Gilberte,,,,,,,,,,,,,,,,,,,,,,,,,,,,,,,,,,,,,,
Blaise_Pascal,Aside from the Provincial Letters' religious influence, were they popular as a literary work?,S09_set4_a4,,,,,,,,,,,,,,,,,,,,,,,,,,,,,,,,,,,,,
Blaise_Pascal,Aside from the Provincial Letters' religious influence, were they popular as a literary work?,S09_set4_a4,,,,,,,,,,,,,,,,,,,,,,,,,,,,,,,,,,,,,
Blaise_Pascal,Of whose continual poor health was the cause never precisely determined?,Blaise Pascal,,,,,,,,,,,,,,,,,,,,,,,,,,,,,,,,,,,,,,
Cello,Is the violin cello a bowed string instrument?,Yes,,,,,,,,,,,,,,,,,,,,,,,,,,,,,,,,,,,,,,
Cello,Is the violin cello a bowed string instrument?,yes,,,,,,,,,,,,,,,,,,,,,,,,,,,,,,,,,,,,,,
Cello,Is the purfling just for decoration?,No,,,,,,,,,,,,,,,,,,,,,,,,,,,,,,,,,,,,,,
Cello,Are the z-holes used as access points to the interior of the cello? ,No,,,,,,,,,,,,,,,,,,,,,,,,,,,,,,,,,,,,,,
Cello,Are the z-holes used as access points to the interior of the cello? ,No,,,,,,,,,,,,,,,,,,,,,,,,,,,,,,,,,,,,,,
Cello,What does violincello mean?,"Violincello means ""little violene"".",,,,,,,,,,,,,,,,,,,,,,,,,,,,,,,,,,,,,,
Cello,What are the two materials that bows are made of traditionally? ,Traditionally,S09_set2_a9,,,,,,,,,,,,,,,,,,,,,,,,,,,,,,,,,,,,,
Cello,What is used to tune a cello?,Pegs are used to tune a cello.,,,,,,,,,,,,,,,,,,,,,,,,,,,,,,,,,,,,,,
Cello,What is used to tune a cello?,the pegs,,,,,,,,,,,,,,,,,,,,,,,,,,,,,,,,,,,,,,
Cello,Which harmonics can produce any notes above middle C? ,Artificial harmonics can produce any notes above middle C.,,,,,,,,,,,,,,,,,,,,,,,,,,,,,,,,,,,,,,
Cello,Which harmonics can produce any notes above middle C? ,Artificial harmonics,,,,,,,,,,,,,,,,,,,,,,,,,,,,,,,,,,,,,,
Cello,"Who referred to the cello as �basso de viola da braccio""?","Monteverdi referred to the cello as ""basso de viola da braccio"".",,,,,,,,,,,,,,,,,,,,,,,,,,,,,,,,,,,,,,
Cello,"Who referred to the cello as �basso de viola da braccio""?",Monteverdi,,,,,,,,,,,,,,,,,,,,,,,,,,,,,,,,,,,,,,
Cello,Where is the violincello held?,The violincello is held on the shoulder.,,,,,,,,,,,,,,,,,,,,,,,,,,,,,,,,,,,,,,
Cello,Where is the violincello held?,on the shoulder,,,,,,,,,,,,,,,,,,,,,,,,,,,,,,,,,,,,,,
Cello,Is there cello in performances by Rihanna?,yes,,,,,,,,,,,,,,,,,,,,,,,,,,,,,,,,,,,,,,
Cello,Is there cello in performances by Rihanna?,Yes,,,,,,,,,,,,,,,,,,,,,,,,,,,,,,,,,,,,,,
Cello,Are cellos constructed with glue?,yes,,,,,,,,,,,,,,,,,,,,,,,,,,,,,,,,,,,,,,
Cello,Are cellos constructed with glue?,yes,,,,,,,,,,,,,,,,,,,,,,,,,,,,,,,,,,,,,,
Cello,Is the cello a stringed instrument?,yes,,,,,,,,,,,,,,,,,,,,,,,,,,,,,,,,,,,,,,
Cello,Is the cello a stringed instrument?,yes,,,,,,,,,,,,,,,,,,,,,,,,,,,,,,,,,,,,,,
Cello,What is cello an abbreviation of?,violoncello,,,,,,,,,,,,,,,,,,,,,,,,,,,,,,,,,,,,,,
Cello,What is cello an abbreviation of?,violoncello,,,,,,,,,,,,,,,,,,,,,,,,,,,,,,,,,,,,,,
Cello,What position is used to play the cello?,a gamba,,,,,,,,,,,,,,,,,,,,,,,,,,,,,,,,,,,,,,
Cello,What position is used to play the cello?,seated,,,,,,,,,,,,,,,,,,,,,,,,,,,,,,,,,,,,,,
Cello,What is a person who plays the cello called?,cellist,,,,,,,,,,,,,,,,,,,,,,,,,,,,,,,,,,,,,,
Cello,What is a person who plays the cello called?,cellist,,,,,,,,,,,,,,,,,,,,,,,,,,,,,,,,,,,,,,
Cello,Why is there purling on a cello?,to stop cracks from forming ****misspelled****,,,,,,,,,,,,,,,,,,,,,,,,,,,,,,,,,,,,,,
Cello,When did the first educational works appear for the cello?,the 18th century,,,,,,,,,,,,,,,,,,,,,,,,,,,,,,,,,,,,,,
Cello,When did the first educational works appear for the cello?,18th century,,,,,,,,,,,,,,,,,,,,,,,,,,,,,,,,,,,,,,
Cello,What cello manufacturer should I buy from if I want to play outside?,Luis & Clark,,,,,,,,,,,,,,,,,,,,,,,,,,,,,,,,,,,,,,
Cello,What cello manufacturer should I buy from if I want to play outside?,Luis & Clark,,,,,,,,,,,,,,,,,,,,,,,,,,,,,,,,,,,,,,
Charles-Augustin_de_Coulomb,Was Charles-Augustin de Coulomb a member of the National Institute?,Yes,,,,,,,,,,,,,,,,,,,,,,,,,,,,,,,,,,,,,,
Charles-Augustin_de_Coulomb,Was Charles-Augustin de Coulomb a member of the National Institute?,Yes,,,,,,,,,,,,,,,,,,,,,,,,,,,,,,,,,,,,,,
Charles-Augustin_de_Coulomb,Did Charles-Augustin de Coulomb find any relationship between electric charges and magnetic poles? ,No,,,,,,,,,,,,,,,,,,,,,,,,,,,,,,,,,,,,,,
Charles-Augustin_de_Coulomb,Did Charles-Augustin de Coulomb find any relationship between electric charges and magnetic poles? ,No,,,,,,,,,,,,,,,,,,,,,,,,,,,,,,,,,,,,,,
Charles-Augustin_de_Coulomb,Was Charles-Augustin de Coulomb's father's family in Montpellier? ,Yes,,,,,,,,,,,,,,,,,,,,,,,,,,,,,,,,,,,,,,
Charles-Augustin_de_Coulomb,Was Charles-Augustin de Coulomb's father's family in Montpellier? ,Yes,,,,,,,,,,,,,,,,,,,,,,,,,,,,,,,,,,,,,,
Charles-Augustin_de_Coulomb,Where did Charles-Augustin de Coulomb die?,Charles-Augustin de Coulomb died in Paris.,,,,,,,,,,,,,,,,,,,,,,,,,,,,,,,,,,,,,,
Charles-Augustin_de_Coulomb,Where did Charles-Augustin de Coulomb die?,Paris,S09_set4_a6,,,,,,,,,,,,,,,,,,,,,,,,,,,,,,,,,,,,,
Charles-Augustin_de_Coulomb,When was Charles-Augustin de Coulomb permanently stationed in Paris?,Charles-Augustin de Coulomb was permanently stationed in Paris in 1781.,,,,,,,,,,,,,,,,,,,,,,,,,,,,,,,,,,,,,,
Charles-Augustin_de_Coulomb,When was Charles-Augustin de Coulomb permanently stationed in Paris?,Yes,,,,,,,,,,,,,,,,,,,,,,,,,,,,,,,,,,,,,,
Charles-Augustin_de_Coulomb,What contribution did Charles-Augustin de Coulomb make to the field of geotechnical engineering?,Retaining wall design,,,,,,,,,,,,,,,,,,,,,,,,,,,,,,,,,,,,,,
Charles-Augustin_de_Coulomb,Where did the construction of Fort Bourbon take place?,The construction of Fort Bourbon took place in Martinique.,,,,,,,,,,,,,,,,,,,,,,,,,,,,,,,,,,,,,,
Charles-Augustin_de_Coulomb,Where did the construction of Fort Bourbon take place?,Martinique ,,,,,,,,,,,,,,,,,,,,,,,,,,,,,,,,,,,,,,
Charles-Augustin_de_Coulomb,What is the definition of the electrostatic force of attraction and repulsion? ,Coulomb's law is the definition of the electrostatic force of attraction and repulsion.,,,,,,,,,,,,,,,,,,,,,,,,,,,,,,,,,,,,,,
Charles-Augustin_de_Coulomb,What is the definition of the electrostatic force of attraction and repulsion? ,Coulomb's Law,,,,,,,,,,,,,,,,,,,,,,,,,,,,,,,,,,,,,,
Charles-Augustin_de_Coulomb,When did Charles-Augustin de Coulomb retire to a small estate he possessed at Blois?,Charles-Augustin de Coulomb retired to a small estate he possessed at Blois on the outbreak of the revolution in 1789.,,,,,,,,,,,,,,,,,,,,,,,,,,,,,,,,,,,,,,
Charles-Augustin_de_Coulomb,When did Charles-Augustin de Coulomb retire to a small estate he possessed at Blois?,1789,,,,,,,,,,,,,,,,,,,,,,,,,,,,,,,,,,,,,,
Charles-Augustin_de_Coulomb,If Charles-Augustin de Coulomb was alive today, how old would he have been?,S09_set4_a6,,,,,,,,,,,,,,,,,,,,,,,,,,,,,,,,,,,,,
Charles-Augustin_de_Coulomb,For how many years did Charles-Augustin de Coulomb live?,70,,,,,,,,,,,,,,,,,,,,,,,,,,,,,,,,,,,,,,
Charles-Augustin_de_Coulomb,Did Charles-Augustin de Coulomb live to be 80 years old?,no,,,,,,,,,,,,,,,,,,,,,,,,,,,,,,,,,,,,,,
Charles-Augustin_de_Coulomb,How old was Charles-Augustin de Coulomb when he died?,1806,,,,,,,,,,,,,,,,,,,,,,,,,,,,,,,,,,,,,,
Charles-Augustin_de_Coulomb,How many years ago did he resign his appointment as intendant de eaux et fontaine ?,220,,,,,,,,,,,,,,,,,,,,,,,,,,,,,,,,,,,,,,
Charles-Augustin_de_Coulomb,How many years ago did Charles-Augustin de Coulomb die?,203,,,,,,,,,,,,,,,,,,,,,,,,,,,,,,,,,,,,,,
Charles-Augustin_de_Coulomb,Was The SI  unit  of charge , the  coulomb ,easy,S09_set4_a6,,,,,,,,,,,,,,,,,,,,,,,,,,,,,,,,,,,,
Charles-Augustin_de_Coulomb,Was coulomb born in Angoulême,  France ,easy,S09_set4_a6,,,,,,,,,,,,,,,,,,,,,,,,,,,,,,,,,,,,
Charles-Augustin_de_Coulomb,Was his father ,  Henri  Coulomb ,easy,S09_set4_a6,,,,,,,,,,,,,,,,,,,,,,,,,,,,,,,,,,,,
Charles-Augustin_de_Coulomb,Is coulomb distinguished in the history  of mechanics  and  of electricity and  magnetism?,yes,,,,,,,,,,,,,,,,,,,,,,,,,,,,,,,,,,,,,,
Charles-Augustin_de_Coulomb,Was Charles Augustin  de Coulomb  ( born  June  14 ,1736,  Paris ,  France  ) a French  physicist?,yes,NULL,medium,S09_set4_a6,,,,,,,,,,,,,,,,,,,,,,,,,,,,,,,,
Charles-Augustin_de_Coulomb,Does Coulomb leave a legacy?,yes,,,,,,,,,,,,,,,,,,,,,,,,,,,,,,,,,,,,,,
Charles-Augustin_de_Coulomb,When was Charles-Augustin de Coulomb born?,Jun-14,S09_set4_a6,,,,,,,,,,,,,,,,,,,,,,,,,,,,,,,,,,,,,
Charles-Augustin_de_Coulomb,Did he publish an important investigation of the laws of friction?,yes,,,,,,,,,,,,,,,,,,,,,,,,,,,,,,,,,,,,,,
Charles-Augustin_de_Coulomb,Was Coulomb born in Angoulême, France,easy,S09_set4_a6,,,,,,,,,,,,,,,,,,,,,,,,,,,,,,,,,,,,
Charles-Augustin_de_Coulomb,Was his father inspector of the Royal Fields?,yes,,,,,,,,,,,,,,,,,,,,,,,,,,,,,,,,,,,,,,
Charles-Augustin_de_Coulomb,He discovered an inverse relationship of what?,distance and electric force,,,,,,,,,,,,,,,,,,,,,,,,,,,,,,,,,,,,,,
Charles-Augustin_de_Coulomb,Is it true that coulomb leaves a legacy as a hero?,yes,,,,,,,,,,,,,,,,,,,,,,,,,,,,,,,,,,,,,,
Charles-Augustin_de_Coulomb,Where is Charles-Augustin de Coulomb from?,France,,,,,,,,,,,,,,,,,,,,,,,,,,,,,,,,,,,,,,
Chinese_language,What was Chinese language`s profession?,NULL,,,,,,,,,,,,,,,,,,,,,,,,,,,,,,,,,,,,,,
Chinese_language,What is Chinese language`s first name?,NULL,,,,,,,,,,,,,,,,,,,,,,,,,,,,,,,,,,,,,,
Chinese_language,What is Chinese language`s last name?,NULL,,,,,,,,,,,,,,,,,,,,,,,,,,,,,,,,,,,,,,
Chinese_language,How many offspring did Chinese language have?,NULL,,,,,,,,,,,,,,,,,,,,,,,,,,,,,,,,,,,,,,
Chinese_language,The Mandarin dialects in which location have experienced a dramatic decrease in sounds and so have far more multisyllabic words than most other spoken varieties?,NULL,,,,,,,,,,,,,,,,,,,,,,,,,,,,,,,,,,,,,,
Chinese_language,Was Old Chinese wholly uninflected?,no,,,,,,,,,,,,,,,,,,,,,,,,,,,,,,,,,,,,,,
Chinese_language,In North Korea, has Hanja been discontinued?,S09_set5_a7,,,,,,,,,,,,,,,,,,,,,,,,,,,,,,,,,,,,,
Chinese_language,The most  widespread is the Palladius  system?,NULL,,,,,,,,,,,,,,,,,,,,,,,,,,,,,,,,,,,,,,
Chinese_language,Is the Vietnamese  term  for Chinese writing Hán t?,NULL,,,,,,,,,,,,,,,,,,,,,,,,,,,,,,,,,,,,,,
Chinese_language,Did the Empire have little success?,NULL,,,,,,,,,,,,,,,,,,,,,,,,,,,,,,,,,,,,,,
Chinese_language,When are most of these groups mutually unintelligible?,NULL,,,,,,,,,,,,,,,,,,,,,,,,,,,,,,,,,,,,,,
Chinese_language,What is the population of Chinese language?,NULL,,,,,,,,,,,,,,,,,,,,,,,,,,,,,,,,,,,,,,
Chinese_language,Is the most widespread the Palladius system?,NULL,,,,,,,,,,,,,,,,,,,,,,,,,,,,,,,,,,,,,,
Chinese_language,Are most of these groups mutually unintelligible?,NULL,,,,,,,,,,,,,,,,,,,,,,,,,,,,,,,,,,,,,,
Chinese_language,In what country is Chinese language located?,NULL,,,,,,,,,,,,,,,,,,,,,,,,,,,,,,,,,,,,,,
Chinese_language,Are The modern Chinese dialects more like a family?,yes,,,,,,,,,,,,,,,,,,,,,,,,,,,,,,,,,,,,,,
Chinese_language,Is it true that one-fifth of world population speak some form of Chinese?,yes,,,,,,,,,,,,,,,,,,,,,,,,,,,,,,,,,,,,,,
Chinese_language,One-fifth of world population speak some form of what?,Chinese,,,,,,,,,,,,,,,,,,,,,,,,,,,,,,,,,,,,,,
Chinese_language,Is mandarin spoken Chinese distinguished by its high level?,no,S09_set5_a7,,,,,,,,,,,,,,,,,,,,,,,,,,,,,,,,,,,,,
Chinese_language,Is standard Mandarin language of People Republic?,NULL,,,,,,,,,,,,,,,,,,,,,,,,,,,,,,,,,,,,,,
Chinese_language,Are there many systems of romanization for the chinese languages due to the Chinese`s own lack of phonetic transcription until modern times ?,NULL,,,,,,,,,,,,,,,,,,,,,,,,,,,,,,,,,,,,,,
Chinese_language,May the idea of Chinese as a language family suggest that the chinese identity is much more fragmentary and disunified than Chinese language actually is and as such is often looked upon as culturally and politically provocative ?,NULL,,,,,,,,,,,,,,,,,,,,,,,,,,,,,,,,,,,,,,
Chinese_language,Are most chinese words formed out of native chinese morphemes , including words describing imported objects and ideas ?,S09_set5_a7,,,,,,,,,,,,,,,,,,,,,,,,,,,,,,,,,,,,,
Chinese_language,May a native of Guangzhou speak Standard Cantonese and putonghua , a resident of Taiwan ,NULL,S09_set5_a7,,,,,,,,,,,,,,,,,,,,,,,,,,,,,,,,,,,,
Chinese_language,Refer most chinese and chinese linguists to chinese as a single language and Chinese language`s subdivisions dialects , while others call chinese a language family ?,S09_set5_a7,,,,,,,,,,,,,,,,,,,,,,,,,,,,,,,,,,,,,
Chinese_language,Are there between 7 and 13 main regional groups of Chinese , of which the most spoken , 70 million and 70 million ?,NULL,NULL,NULL,S09_set5_a7,,,,,,,,,,,,,,,,,,,,,,,,,,,,,,,,,
Copenhagen,Copenhagen is the capital of what country?,Denmark,,,,,,,,,,,,,,,,,,,,,,,,,,,,,,,,,,,,,,
Copenhagen,Copenhagen is the capital of what country?,Denmark,,,,,,,,,,,,,,,,,,,,,,,,,,,,,,,,,,,,,,
Copenhagen,What is the population of Copenhagen?,1,medium,S09_set3_a8,,,,,,,,,,,,,,,,,,,,,,,,,,,,,,,,,,,,
Copenhagen,What is the population of Copenhagen?,1,hard,S09_set3_a8,,,,,,,,,,,,,,,,,,,,,,,,,,,,,,,,,,,,
Copenhagen,What transnational bridge was completed in 2000?,Oresund Bridge,,,,,,,,,,,,,,,,,,,,,,,,,,,,,,,,,,,,,,
Copenhagen,What transnational bridge was completed in 2000?,Oresund Bridge,,,,,,,,,,,,,,,,,,,,,,,,,,,,,,,,,,,,,,
Copenhagen,Why is Copenhagen a regional hub?,Its strategic location and excellent infrastructure,,,,,,,,,,,,,,,,,,,,,,,,,,,,,,,,,,,,,,
Copenhagen,Why is Copenhagen a regional hub?,Its strategic location and excellent infrastructure with the largest airport in Scandinavia[6] located 14 minutes by train from the city centre,,,,,,,,,,,,,,,,,,,,,,,,,,,,,,,,,,,,,,
Copenhagen,What happened to Copenhagen between 1251 and 1255?,a bunch of things,,,,,,,,,,,,,,,,,,,,,,,,,,,,,,,,,,,,,,
Copenhagen,Is Copenhagen completely surrounded with water? ,No,,,,,,,,,,,,,,,,,,,,,,,,,,,,,,,,,,,,,,
Copenhagen,Copenhagen is ranked number one worldwide for which things?,Most Livable City in the World,S09_set3_a8,,,,,,,,,,,,,,,,,,,,,,,,,,,,,,,,,,,,,
Copenhagen,Copenhagen is ranked number one worldwide for which things?,Most Livable City,S09_set3_a8,,,,,,,,,,,,,,,,,,,,,,,,,,,,,,,,,,,,,
Copenhagen,Why did German troops occupy Copenhagen?,Because it was WW2,,,,,,,,,,,,,,,,,,,,,,,,,,,,,,,,,,,,,,
Cymbal,Have cymbals been used historically to suggest bacchanal?,Yes,,,,,,,,,,,,,,,,,,,,,,,,,,,,,,,,,,,,,,
Cymbal,Have cymbals been used historically to suggest bacchanal?,Yes,,,,,,,,,,,,,,,,,,,,,,,,,,,,,,,,,,,,,,
Cymbal,Can the origins of cymbals be traced to prehistoric times?,Yes,,,,,,,,,,,,,,,,,,,,,,,,,,,,,,,,,,,,,,
Cymbal,Can the origins of cymbals be traced to prehistoric times?,Yes,,,,,,,,,,,,,,,,,,,,,,,,,,,,,,,,,,,,,,
Cymbal,Are cymbals used in moden orchestras?,Yes,,,,,,,,,,,,,,,,,,,,,,,,,,,,,,,,,,,,,,
Cymbal,Are cymbals used in moden orchestras?,Yes,,,,,,,,,,,,,,,,,,,,,,,,,,,,,,,,,,,,,,
Cymbal,What are the most common Cymbals?, The most common Cymbals are the Hi-Hats, and China.,medium,medium,S09_set2_a6,,,,,,,,,,,,,,,,,,,,,,,,,,,,,,,,,,
Cymbal,What are the most common Cymbals?,Hi-Hats, and China,medium,easy,S09_set2_a6,,,,,,,,,,,,,,,,,,,,,,,,,,,,,,,,,,
Cymbal,What is the second main orchestral use of cymbals?,The suspended cymbal is the second main orchestral use of symbals.,,,,,,,,,,,,,,,,,,,,,,,,,,,,,,,,,,,,,,
Cymbal,What is the second main orchestral use of cymbals?,The suspended cymbal,,,,,,,,,,,,,,,,,,,,,,,,,,,,,,,,,,,,,,
Cymbal,What have clash cymbals traditionally been accompanied by?,Clash cymbals have traditionally been accompanied by the bass drum playing an identical part.,,,,,,,,,,,,,,,,,,,,,,,,,,,,,,,,,,,,,,
Cymbal,What have clash cymbals traditionally been accompanied by?,The bass drum playing an identical part,,,,,,,,,,,,,,,,,,,,,,,,,,,,,,,,,,,,,,
Cymbal,What happens when the center of a Cymbal is hit?,It causes a sound which is in a higher register than the rest of the symbal.,,,,,,,,,,,,,,,,,,,,,,,,,,,,,,,,,,,,,,
Cymbal,What happens when the center of a Cymbal is hit?,It causes a sound which is in a higher register than the rest of the cymbal,,,,,,,,,,,,,,,,,,,,,,,,,,,,,,,,,,,,,,
Cymbal,What is an effective way to accentuate a note?,Playing a bass drum playing an identical part is an effective way to accentuate a note.,,,,,,,,,,,,,,,,,,,,,,,,,,,,,,,,,,,,,,
Cymbal,What is an effective way to accentuate a note?,The combination of a clash cymbol being accompanied by a bass drum playing an identical part,S09_set2_a6,,,,,,,,,,,,,,,,,,,,,,,,,,,,,,,,,,,,,
Cymbal,From what type of Cymbals can a expert player obtain an enormous dynamic range?,An expert player can obtain an enormous dynamic range from crash cymbals.,,,,,,,,,,,,,,,,,,,,,,,,,,,,,,,,,,,,,,
Cymbal,From what type of Cymbals can a expert player obtain an enormous dynamic range?,Crash cymbals,,,,,,,,,,,,,,,,,,,,,,,,,,,,,,,,,,,,,,
Cymbal,Can the origins of cymbals be traced back to prehistoric times?,yes,,,,,,,,,,,,,,,,,,,,,,,,,,,,,,,,,,,,,,
Cymbal,Can the origins of cymbals be traced back to prehistoric times?,Yes,,,,,,,,,,,,,,,,,,,,,,,,,,,,,,,,,,,,,,
Cymbal,Did the modern hi-hat evolve from clash cymbals?,yes,,,,,,,,,,,,,,,,,,,,,,,,,,,,,,,,,,,,,,
Cymbal,Did the modern hi-hat evolve from clash cymbals?,Yes,,,,,,,,,,,,,,,,,,,,,,,,,,,,,,,,,,,,,,
Cymbal,Is the word cymbal derived from a Germanic word?,No,,,,,,,,,,,,,,,,,,,,,,,,,,,,,,,,,,,,,,
Cymbal,Is the word cymbal derived from a Germanic word?,No,,,,,,,,,,,,,,,,,,,,,,,,,,,,,,,,,,,,,,
Cymbal,What is the center of a cymbal called?,Bell,,,,,,,,,,,,,,,,,,,,,,,,,,,,,,,,,,,,,,
Cymbal,What is the center of a cymbal called?,bell,,,,,,,,,,,,,,,,,,,,,,,,,,,,,,,,,,,,,,
Cymbal,"What part of the cymbal gets the best ""crash""?",Edge or rim,,,,,,,,,,,,,,,,,,,,,,,,,,,,,,,,,,,,,,
Cymbal,"What part of the cymbal gets the best ""crash""?",edge or rim,,,,,,,,,,,,,,,,,,,,,,,,,,,,,,,,,,,,,,
Cymbal,What is the second main orchestral use of cymbals?,the suspended cymbal,,,,,,,,,,,,,,,,,,,,,,,,,,,,,,,,,,,,,,
Cymbal,What is the second main orchestral use of cymbals?,the suspended cymbal,,,,,,,,,,,,,,,,,,,,,,,,,,,,,,,,,,,,,,
Cymbal,What two instruments form the modern drum kit?,the cymbals and the drum,,,,,,,,,,,,,,,,,,,,,,,,,,,,,,,,,,,,,,
Cymbal,What Greek mythical creatures were depicted holding cymbals?,fauns and satyrs,,,,,,,,,,,,,,,,,,,,,,,,,,,,,,,,,,,,,,
Cymbal,What Greek mythical creatures were depicted holding cymbals?,fauns and satyrs,,,,,,,,,,,,,,,,,,,,,,,,,,,,,,,,,,,,,,
Cymbal,What are orchestral crash cymbals technically called?,a pair of clash cymbals,,,,,,,,,,,,,,,,,,,,,,,,,,,,,,,,,,,,,,
Cymbal,What are orchestral crash cymbals technically called?,clash cymbals,,,,,,,,,,,,,,,,,,,,,,,,,,,,,,,,,,,,,,
Dhaka,Is Dhaka the capital of Bangladesh?,Yes,,,,,,,,,,,,,,,,,,,,,,,,,,,,,,,,,,,,,,
Dhaka,Is Dhaka located on the eastern banks of the Buriganga River?,Yes,,,,,,,,,,,,,,,,,,,,,,,,,,,,,,,,,,,,,,
Dhaka,Is University of Dhaka the largest public university in Dhaka?,Yes,,,,,,,,,,,,,,,,,,,,,,,,,,,,,,,,,,,,,,
Dhaka,How much area does Dhaka cover?,1462.60 square kilometers,,,,,,,,,,,,,,,,,,,,,,,,,,,,,,,,,,,,,,
Dhaka,How many people did the 1970 Bhola cyclone kill?,500,S09_set3_a3,,,,,,,,,,,,,,,,,,,,,,,,,,,,,,,,,,,,,
Dhaka,When is the end of the independence war of Bangladesh?,Dec-16,S09_set3_a3,,,,,,,,,,,,,,,,,,,,,,,,,,,,,,,,,,,,,
Dhaka,Did the Mughals arrive in Dhaka?,Yes,,,,,,,,,,,,,,,,,,,,,,,,,,,,,,,,,,,,,,
Dhaka,Is University of Dhaka older than the Dhaka College?,No,,,,,,,,,,,,,,,,,,,,,,,,,,,,,,,,,,,,,,
English_language,What is given for the number of native speakers?,No figure is given for the number of native speakers.,,,,,,,,,,,,,,,,,,,,,,,,,,,,,,,,,,,,,,
English_language,Is english an intonation  language?,Yes,,,,,,,,,,,,,,,,,,,,,,,,,,,,,,,,,,,,,,
English_language,Is english a de  jure  official  language  of Israel?,no,,,,,,,,,,,,,,,,,,,,,,,,,,,,,,,,,,,,,,
English_language,Is the stressed  syllable called the nuclear  syllable?,yes,,,,,,,,,,,,,,,,,,,,,,,,,,,,,,,,,,,,,,
English_language,Does english grammar have minimal inflection?,Yes,,,,,,,,,,,,,,,,,,,,,,,,,,,,,,,,,,,,,,
English_language,Did old English develop into Middle English?,Yes,,,,,,,,,,,,,,,,,,,,,,,,,,,,,,,,,,,,,,
English_language,Are books, magazines,easy,S09_set5_a1,,,,,,,,,,,,,,,,,,,,,,,,,,,,,,,,,,,,
English_language,Is the syntax of German different with different rules?,yes,,,,,,,,,,,,,,,,,,,,,,,,,,,,,,,,,,,,,,
English_language,Is it true that semantics causes a number of false friends?,TRUE,,,,,,,,,,,,,,,,,,,,,,,,,,,,,,,,,,,,,,
English_language,Here , are all syllables unstressed ,NULL,easy,S09_set5_a1,,,,,,,,,,,,,,,,,,,,,,,,,,,,,,,,,,,
English_language,Are many words describing the navy , types of ships ,easy,S09_set5_a1,,,,,,,,,,,,,,,,,,,,,,,,,,,,,,,,,,,,
English_language,Are local variations in the formal written version of the language quite limited , being restricted largely to the spelling differences between British and American English ?,S09_set5_a1,,,,,,,,,,,,,,,,,,,,,,,,,,,,,,,,,,,,,
Flute,Is the flute a musical instrument?,Yes.,,,,,,,,,,,,,,,,,,,,,,,,,,,,,,,,,,,,,,
Flute,Is the flute a musical instrument?,Yes,,,,,,,,,,,,,,,,,,,,,,,,,,,,,,,,,,,,,,
Flute,Is it possible to open flutes at one or both ends?,Yes.,,,,,,,,,,,,,,,,,,,,,,,,,,,,,,,,,,,,,,
Flute,Is it possible to open flutes at one or both ends?,Yes,,,,,,,,,,,,,,,,,,,,,,,,,,,,,,,,,,,,,,
Flute,Are Indian concert flutes available in standard pitches?,Yes.,,,,,,,,,,,,,,,,,,,,,,,,,,,,,,,,,,,,,,
Flute,Are Indian concert flutes available in standard pitches?,Yes,,,,,,,,,,,,,,,,,,,,,,,,,,,,,,,,,,,,,,
Flute,What do we refer musicians who play flute?,A flute player,S09_set2_a5,,,,,,,,,,,,,,,,,,,,,,,,,,,,,,,,,,,,,
Flute,What do we refer musicians who play flute?,A flute player,medium,S09_set2_a5,,,,,,,,,,,,,,,,,,,,,,,,,,,,,,,,,,,,
Flute,When was a three-holed flute made from a mammoth tusk discovered?,2004,,,,,,,,,,,,,,,,,,,,,,,,,,,,,,,,,,,,,,
Flute,When was a three-holed flute made from a mammoth tusk discovered?,In 2004,,,,,,,,,,,,,,,,,,,,,,,,,,,,,,,,,,,,,,
Flute,When did the tin whistle first appear?,12th century.,,,,,,,,,,,,,,,,,,,,,,,,,,,,,,,,,,,,,,
Flute,When did the tin whistle first appear?,In the 12th century,,,,,,,,,,,,,,,,,,,,,,,,,,,,,,,,,,,,,,
Flute,What are the oldest known musical instruments?,A three holed-flute made from a mammoth tusk and two flutes made from swan's bones.,,,,,,,,,,,,,,,,,,,,,,,,,,,,,,,,,,,,,,
Flute,What are the oldest known musical instruments?,A three-holed flute made from a mammoth tusk and two flutes made from swans' bones are among the oldest known musical instruments,,,,,,,,,,,,,,,,,,,,,,,,,,,,,,,,,,,,,,
Flute,When was the pan flute spread to other parts of Europe?,7th century BC.,,,,,,,,,,,,,,,,,,,,,,,,,,,,,,,,,,,,,,
Flute,When was the pan flute spread to other parts of Europe?,After the 7th century BC,,,,,,,,,,,,,,,,,,,,,,,,,,,,,,,,,,,,,,
Flute,What does the air stream across this hole create?,A Bernoulli,S09_set2_a5,,,,,,,,,,,,,,,,,,,,,,,,,,,,,,,,,,,,,
Fox,Are foxes wary of humans?,Yes,,,,,,,,,,,,,,,,,,,,,,,,,,,,,,,,,,,,,,
Fox,Are foxes wary of humans?,Yes,,,,,,,,,,,,,,,,,,,,,,,,,,,,,,,,,,,,,,
Fox,Are fennec foxes endangered?,no,,,,,,,,,,,,,,,,,,,,,,,,,,,,,,,,,,,,,,
Fox,Are fennec foxes endangered?,No,,,,,,,,,,,,,,,,,,,,,,,,,,,,,,,,,,,,,,
Fox,Does the diet of foxes include reptiles?,yes,,,,,,,,,,,,,,,,,,,,,,,,,,,,,,,,,,,,,,
Fox,Does the diet of foxes include reptiles?,Yes,,,,,,,,,,,,,,,,,,,,,,,,,,,,,,,,,,,,,,
Fox,How long do most foxes live?,Most foxes live 2 to 3 years,S09_set1_a6,,,,,,,,,,,,,,,,,,,,,,,,,,,,,,,,,,,,,
Fox,How long do most foxes live?,2 to 3 years,,,,,,,,,,,,,,,,,,,,,,,,,,,,,,,,,,,,,,
Fox,In what country did fox hunting originate?,the United Kingdom,,,,,,,,,,,,,,,,,,,,,,,,,,,,,,,,,,,,,,
Fox,In what country did fox hunting originate?,in the United Kingdom,,,,,,,,,,,,,,,,,,,,,,,,,,,,,,,,,,,,,,
Fox,What is the smallest species of fox?,The Fennec Fox is the smallest species of fox. ,,,,,,,,,,,,,,,,,,,,,,,,,,,,,,,,,,,,,,
Fox,What is the smallest species of fox?,the Fennec Fox,,,,,,,,,,,,,,,,,,,,,,,,,,,,,,,,,,,,,,
Fox,What are female foxes called?,vixens,,,,,,,,,,,,,,,,,,,,,,,,,,,,,,,,,,,,,,
Fox,What are female foxes called?,vixens,,,,,,,,,,,,,,,,,,,,,,,,,,,,,,,,,,,,,,
Fox,What is caching food?,Caching is burying it for later consumption,hard,hard,S09_set1_a6,,,,,,,,,,,,,,,,,,,,,,,,,,,,,,,,,,,
Fox,What is caching food?,burying it for later consumption,,,,,,,,,,,,,,,,,,,,,,,,,,,,,,,,,,,,,,
Fox,Do foxes damage fruit on farms?,No,,,,,,,,,,,,,,,,,,,,,,,,,,,,,,,,,,,,,,
French_language,How many years ago did African people spread across 31 francophone African countries can speak French either as a first or second language?,2 years ago,,,,,,,,,,,,,,,,,,,,,,,,,,,,,,,,,,,,,,
French_language,In Old French, was the plural  for animal animals?,S09_set5_a5,,,,,,,,,,,,,,,,,,,,,,,,,,,,,,,,,,,,,
French_language,Is catalan the only  official  language  of Andorra?,Yes,,,,,,,,,,,,,,,,,,,,,,,,,,,,,,,,,,,,,,
French_language,In Belgium, however,easy,S09_set5_a5,,,,,,,,,,,,,,,,,,,,,,,,,,,,,,,,,,,,
French_language,Where is it an official language?,NULL,,,,,,,,,,,,,,,,,,,,,,,,,,,,,,,,,,,,,,
French_language,Is french taught in many schools as a primary language along with Arabic?,Yes,,,,,,,,,,,,,,,,,,,,,,,,,,,,,,,,,,,,,,
French_language,What is widely used by the Lebanese, especially for administrative purposes?,S09_set5_a5,,,,,,,,,,,,,,,,,,,,,,,,,,,,,,,,,,,,,
French_language,Is french descendant of the Latin language?,Yes,,,,,,,,,,,,,,,,,,,,,,,,,,,,,,,,,,,,,,
French_language,Are there also a variety of regional languages In addition?,Yes,,,,,,,,,,,,,,,,,,,,,,,,,,,,,,,,,,,,,,
French_language,Is it true that france signed the European Charter for Regional Languages?,Yes,,,,,,,,,,,,,,,,,,,,,,,,,,,,,,,,,,,,,,
French_language,France signed the European Charter for what?,NULL,,,,,,,,,,,,,,,,,,,,,,,,,,,,,,,,,,,,,,
French_language,Is french language of 20  %?,NULL,,,,,,,,,,,,,,,,,,,,,,,,,,,,,,,,,,,,,,
French_language,Is French language of Wallonia?,NULL,,,,,,,,,,,,,,,,,,,,,,,,,,,,,,,,,,,,,,
French_language,Are the prefixes en- and em- always nasalized ?,Yes,,,,,,,,,,,,,,,,,,,,,,,,,,,,,,,,,,,,,,
French_language,Are French and German not official languages nor recognised minority languages in the flemish region , although there are a dozen municipalities with language facilities for French-speakers ?,S09_set5_a5,,,,,,,,,,,,,,,,,,,,,,,,,,,,,,,,,,,,,
French_language,Can the palatal nasal occur in word initial position ( e.g ?,NULL,,,,,,,,,,,,,,,,,,,,,,,,,,,,,,,,,,,,,,
German_language,How many years ago was the Luther Bible by Martin Luther printed?,475,,,,,,,,,,,,,,,,,,,,,,,,,,,,,,,,,,,,,,
German_language,Is german an inflected  language?,yes,,,,,,,,,,,,,,,,,,,,,,,,,,,,,,,,,,,,,,
German_language,In Switzerland, is ß used at all?,S09_set5_a2,,,,,,,,,,,,,,,,,,,,,,,,,,,,,,,,,,,,,
German_language,Are there two common  word  orders?,yes,,,,,,,,,,,,,,,,,,,,,,,,,,,,,,,,,,,,,,
German_language,Are feminines declined in the singular?,no,,,,,,,,,,,,,,,,,,,,,,,,,,,,,,,,,,,,,,
German_language,Is 9 %  of the Internet  population German?,no,,,,,,,,,,,,,,,,,,,,,,,,,,,,,,,,,,,,,,
German_language,Is german written using the Latin  alphabet?,Yes,,,,,,,,,,,,,,,,,,,,,,,,,,,,,,,,,,,,,,
German_language,Was the Luther Bible by Martin Luther printed?,Yes,,,,,,,,,,,,,,,,,,,,,,,,,,,,,,,,,,,,,,
German_language,Does a  tz indicate that the preceding vowel is short?,no,,,,,,,,,,,,,,,,,,,,,,,,,,,,,,,,,,,,,,
German_language,Are there 622,650 speakers of German In Canada?,S09_set5_a2,,,,,,,,,,,,,,,,,,,,,,,,,,,,,,,,,,,,,
German_language,Are there also large populations of German ancestry In Mexico?,yes,,,,,,,,,,,,,,,,,,,,,,,,,,,,,,,,,,,,,,
German_language,Would Bundesländer not accept North Rhine Westphalia and Bavaria ?,yes,,,,,,,,,,,,,,,,,,,,,,,,,,,,,,,,,,,,,,
German_language,Have adverbs of time to appear in the third place in the sentence , just after the predicate ?,S09_set5_a2,,,,,,,,,,,,,,,,,,,,,,,,,,,,,,,,,,,,,
Giraffe,Do both sexes of giraffe have horns?,Yes,,,,,,,,,,,,,,,,,,,,,,,,,,,,,,,,,,,,,,
Giraffe,Do both sexes of giraffe have horns?,yes,,,,,,,,,,,,,,,,,,,,,,,,,,,,,,,,,,,,,,
Giraffe,Do giraffes give birth standing up?,Yes,,,,,,,,,,,,,,,,,,,,,,,,,,,,,,,,,,,,,,
Giraffe,Do giraffes give birth standing up?,yes,,,,,,,,,,,,,,,,,,,,,,,,,,,,,,,,,,,,,,
Giraffe,Are giraffes hunted for their hides?,Yes,,,,,,,,,,,,,,,,,,,,,,,,,,,,,,,,,,,,,,
Giraffe,Are giraffes hunted for their hides?,Yes,,,,,,,,,,,,,,,,,,,,,,,,,,,,,,,,,,,,,,
Giraffe,What areas can giraffes inhabit?,savannas,medium,S09_set1_a5,,,,,,,,,,,,,,,,,,,,,,,,,,,,,,,,,,,,
Giraffe,What areas can giraffes inhabit?,inhabit savannas,easy,S09_set1_a5,,,,,,,,,,,,,,,,,,,,,,,,,,,,,,,,,,,,
Giraffe,What will a giraffe use to clean off any bugs that appear on its face?,extremely long tongue ,,,,,,,,,,,,,,,,,,,,,,,,,,,,,,,,,,,,,,
Giraffe,What will a giraffe use to clean off any bugs that appear on its face?,It's extremely long tongue,,,,,,,,,,,,,,,,,,,,,,,,,,,,,,,,,,,,,,
Giraffe,How do giraffes defend themselves?,with a powerful kick,,,,,,,,,,,,,,,,,,,,,,,,,,,,,,,,,,,,,,
Giraffe,How do giraffes defend themselves?,With powerful kicks,,,,,,,,,,,,,,,,,,,,,,,,,,,,,,,,,,,,,,
Giraffe,Do male giraffes weigh more than female giraffes?,Yes,,,,,,,,,,,,,,,,,,,,,,,,,,,,,,,,,,,,,,
Giraffe,Do male giraffes weigh more than female giraffes?,yes,,,,,,,,,,,,,,,,,,,,,,,,,,,,,,,,,,,,,,
Giraffe,Do male giraffes have larger horns than female giraffes?,Yes,,,,,,,,,,,,,,,,,,,,,,,,,,,,,,,,,,,,,,
Giraffe,Do male giraffes have larger horns than female giraffes?,Yes,,,,,,,,,,,,,,,,,,,,,,,,,,,,,,,,,,,,,,
Giraffe,Are male females generally taller than female giraffes?,Yes,,,,,,,,,,,,,,,,,,,,,,,,,,,,,,,,,,,,,,
Henri_Becquerel,Was Henri Becquerel one of the discoverers of radioactivity?,Yes,,,,,,,,,,,,,,,,,,,,,,,,,,,,,,,,,,,,,,
Henri_Becquerel,Was Henri Becquerel one of the discoverers of radioactivity?,Yes,,,,,,,,,,,,,,,,,,,,,,,,,,,,,,,,,,,,,,
Henri_Becquerel,Is the SI unit for radioactivity named after him?,Yes,,,,,,,,,,,,,,,,,,,,,,,,,,,,,,,,,,,,,,
Henri_Becquerel,Is the SI unit for radioactivity named after him?,Yes,,,,,,,,,,,,,,,,,,,,,,,,,,,,,,,,,,,,,,
Henri_Becquerel,Was Henri Becquerel a French physicist?,Yes,,,,,,,,,,,,,,,,,,,,,,,,,,,,,,,,,,,,,,
Henri_Becquerel,Was Henri Becquerel a French physicist?,Yes,,,,,,,,,,,,,,,,,,,,,,,,,,,,,,,,,,,,,,
Henri_Becquerel,In what year did Henri Becquerel die?,1908,,,,,,,,,,,,,,,,,,,,,,,,,,,,,,,,,,,,,,
Henri_Becquerel,In what year did Henri Becquerel die?,Aug-24,S09_set4_a9,,,,,,,,,,,,,,,,,,,,,,,,,,,,,,,,,,,,,
Henri_Becquerel,Where was Henri Becquerel born?, Paris ,,,,,,,,,,,,,,,,,,,,,,,,,,,,,,,,,,,,,,
Henri_Becquerel,Where was Henri Becquerel born?,Paris,,,,,,,,,,,,,,,,,,,,,,,,,,,,,,,,,,,,,,
Henri_Becquerel,In what year did Henri Becquerel win the Nobel Prize in Physics?,1903,,,,,,,,,,,,,,,,,,,,,,,,,,,,,,,,,,,,,,
Henri_Becquerel,In what year did Henri Becquerel win the Nobel Prize in Physics?,1903,,,,,,,,,,,,,,,,,,,,,,,,,,,,,,,,,,,,,,
Henri_Becquerel,Was Henri Becquerel first in his family to occupy the physics chair at the Museum National d'Histoire Naturelle?,No,,,,,,,,,,,,,,,,,,,,,,,,,,,,,,,,,,,,,,
Henri_Becquerel,Was Henri Becquerel first in his family to occupy the physics chair at the Museum National d'Histoire Naturelle?,No,,,,,,,,,,,,,,,,,,,,,,,,,,,,,,,,,,,,,,
Henri_Becquerel,Was Henri Becquerel the sole winner of the 1903 Nobel Prize in Physics?,No,,,,,,,,,,,,,,,,,,,,,,,,,,,,,,,,,,,,,,
Henri_Becquerel,Was Henri Becquerel the sole winner of the 1903 Nobel Prize in Physics?,No,,,,,,,,,,,,,,,,,,,,,,,,,,,,,,,,,,,,,,
Henri_Becquerel,Did Henri Becquerel intentionally discover radioactivity?,No,,,,,,,,,,,,,,,,,,,,,,,,,,,,,,,,,,,,,,
Henri_Becquerel,Did Henri Becquerel intentionally discover radioactivity?,He discovered it accidentally,,,,,,,,,,,,,,,,,,,,,,,,,,,,,,,,,,,,,,
Henri_Becquerel,If Henri Becquerel was alive today, how old would he have been?,S09_set4_a9,,,,,,,,,,,,,,,,,,,,,,,,,,,,,,,,,,,,,
Henri_Becquerel,For how many years did Henri Becquerel live?,56,,,,,,,,,,,,,,,,,,,,,,,,,,,,,,,,,,,,,,
Henri_Becquerel,Did Henri Becquerel live to be 80 years old?,no,,,,,,,,,,,,,,,,,,,,,,,,,,,,,,,,,,,,,,
Henri_Becquerel,What was Henri Becquerel`s profession?,physisist,,,,,,,,,,,,,,,,,,,,,,,,,,,,,,,,,,,,,,
Henri_Becquerel,How old was Henri Becquerel when he died?,53,,,,,,,,,,,,,,,,,,,,,,,,,,,,,,,,,,,,,,
Henri_Becquerel,How many years ago was it when he became the third in his family to occupy the physics chair at the Musum National d`Histoire Naturelle?,117,,,,,,,,,,,,,,,,,,,,,,,,,,,,,,,,,,,,,,
Henri_Becquerel,In 1908, the year  of his death,easy,S09_set4_a9,,,,,,,,,,,,,,,,,,,,,,,,,,,,,,,,,,,,
Henri_Becquerel,When was Henri Becquerel born?,Dec-15,S09_set4_a9,,,,,,,,,,,,,,,,,,,,,,,,,,,,,,,,,,,,,
Henri_Becquerel,Did he become chief engineer in the Department of Bridges and Highways?,Yes,,,,,,,,,,,,,,,,,,,,,,,,,,,,,,,,,,,,,,
Henri_Becquerel,Did he share the Nobel Prize in Physics?,Yes,,,,,,,,,,,,,,,,,,,,,,,,,,,,,,,,,,,,,,
Henri_Becquerel,Is it true that Becquerel wrapped a fluorescent substance in photographic plates?,Yes,,,,,,,,,,,,,,,,,,,,,,,,,,,,,,,,,,,,,,
Henri_Becquerel,Becquerel wrapped a fluorescent substance in what?,photographic plates and black material,,,,,,,,,,,,,,,,,,,,,,,,,,,,,,,,,,,,,,
Henri_Becquerel,Is there a Becquerel crater on the Moon for radioactivity?,Yes,,,,,,,,,,,,,,,,,,,,,,,,,,,,,,,,,,,,,,
Henri_Becquerel,Must … One conclude from these experiments that the phosphorescent substance in question emits rays which pass through the opaque paper and reduces silver salts ?,Yes,,,,,,,,,,,,,,,,,,,,,,,,,,,,,,,,,,,,,,
Henri_Becquerel,What is Henri Becquerel?,Henri Becquerel was a famous physicist.,,,,,,,,,,,,,,,,,,,,,,,,,,,,,,,,,,,,,,
Henri_Becquerel,Where is Henri Becquerel from?,Paris,,,,,,,,,,,,,,,,,,,,,,,,,,,,,,,,,,,,,,
Henri_Becquerel,What does Henri Becquerel do?,was a physisist,,,,,,,,,,,,,,,,,,,,,,,,,,,,,,,,,,,,,,
Henri_Becquerel,What does Henri Becquerel do?,Henri Becquerel was a physicist.,,,,,,,,,,,,,,,,,,,,,,,,,,,,,,,,,,,,,,
Isaac_Newton,Was Newton a English physicist?,Yes.,,,,,,,,,,,,,,,,,,,,,,,,,,,,,,,,,,,,,,
Isaac_Newton,Was Newton a English physicist?,Yes,,,,,,,,,,,,,,,,,,,,,,,,,,,,,,,,,,,,,,
Isaac_Newton,Did Newton reject the church's doctrine of the Trinity?,Newton may have rejected the church's doctrine of the Trinity.,,,,,,,,,,,,,,,,,,,,,,,,,,,,,,,,,,,,,,
Isaac_Newton,Did Newton reject the church's doctrine of the Trinity?,Maybe,,,,,,,,,,,,,,,,,,,,,,,,,,,,,,,,,,,,,,
Isaac_Newton,Was Newton admitted into Havard College?,No.,,,,,,,,,,,,,,,,,,,,,,,,,,,,,,,,,,,,,,
Isaac_Newton,Was Newton admitted into Havard College?,Maybe,S09_set4_a1,,,,,,,,,,,,,,,,,,,,,,,,,,,,,,,,,,,,,
Isaac_Newton,When was Newton's date of birth recorded?,Christmas Day,medium,S09_set4_a1,,,,,,,,,,,,,,,,,,,,,,,,,,,,,,,,,,,,
Isaac_Newton,When was Newton's date of birth recorded?,his date of birth was recorded as Christmas Day,easy,S09_set4_a1,,,,,,,,,,,,,,,,,,,,,,,,,,,,,,,,,,,,
Isaac_Newton,How many laws of motion did Netwon have?,Three,,,,,,,,,,,,,,,,,,,,,,,,,,,,,,,,,,,,,,
Isaac_Newton,How many laws of motion did Netwon have?,Three,,,,,,,,,,,,,,,,,,,,,,,,,,,,,,,,,,,,,,
Isaac_Newton,Who did Newton see as the master creator?,God,,,,,,,,,,,,,,,,,,,,,,,,,,,,,,,,,,,,,,
Isaac_Newton,Who did Newton see as the master creator?,Newton saw God as the master creator whose existence could not be denied in the face of the grandeur of all creation,,,,,,,,,,,,,,,,,,,,,,,,,,,,,,,,,,,,,,
Isaac_Newton,When did Netwon investigate the refraction of light,From 1670 to 1672,,,,,,,,,,,,,,,,,,,,,,,,,,,,,,,,,,,,,,
Isaac_Newton,When did Netwon investigate the refraction of light,1670-1672,,,,,,,,,,,,,,,,,,,,,,,,,,,,,,,,,,,,,,
Isaac_Newton,What principles did Newton explain for mechanics?,The principles of conservation of momentum and angular momentum,,,,,,,,,,,,,,,,,,,,,,,,,,,,,,,,,,,,,,
Isaac_Newton,What principles did Newton explain for mechanics?,In mechanics,S09_set4_a1,,,,,,,,,,,,,,,,,,,,,,,,,,,,,,,,,,,,,
Isaac_Newton,Interaction with what man stirred up Newton's interest in alchemy?,Henry More,,,,,,,,,,,,,,,,,,,,,,,,,,,,,,,,,,,,,,
Isaac_Newton,Interaction with what man stirred up Newton's interest in alchemy?,The contact with the theosophist Henry More,S09_set4_a1,,,,,,,,,,,,,,,,,,,,,,,,,,,,,,,,,,,,,
Italian_language,What was Italian language`s profession?,NULL,,,,,,,,,,,,,,,,,,,,,,,,,,,,,,,,,,,,,,
Italian_language,What is Italian language`s first name?,NULL,,,,,,,,,,,,,,,,,,,,,,,,,,,,,,,,,,,,,,
Italian_language,What is Italian language`s last name?,NULL,,,,,,,,,,,,,,,,,,,,,,,,,,,,,,,,,,,,,,
Italian_language,How many offspring did Italian language have?,NULL,,,,,,,,,,,,,,,,,,,,,,,,,,,,,,,,,,,,,,
Italian_language,Where did Italian language die?,NULL,,,,,,,,,,,,,,,,,,,,,,,,,,,,,,,,,,,,,,
Italian_language,Are geminate plosives and affricates realised as lengthened closures?,NULL,,,,,,,,,,,,,,,,,,,,,,,,,,,,,,,,,,,,,,
Italian_language,Where is this letter silent?,NULL,,,,,,,,,,,,,,,,,,,,,,,,,,,,,,,,,,,,,,
Italian_language,Is Italian one of official four languages?,NULL,,,,,,,,,,,,,,,,,,,,,,,,,,,,,,,,,,,,,,
Italian_language,Is it true that legge sulle fonti del diritto of 7?,NULL,,,,,,,,,,,,,,,,,,,,,,,,,,,,,,,,,,,,,,
Italian_language,Legge sulle fonti del diritto of what?,NULL,,,,,,,,,,,,,,,,,,,,,,,,,,,,,,,,,,,,,,
Italian_language,Is it true that Italian retained the contrast between short consonants?,NULL,,,,,,,,,,,,,,,,,,,,,,,,,,,,,,,,,,,,,,
Italian_language,Italian retained the contrast between what?,NULL,,,,,,,,,,,,,,,,,,,,,,,,,,,,,,,,,,,,,,
Italian_language,Is stress distinctive in most Romance languages?,NULL,,,,,,,,,,,,,,,,,,,,,,,,,,,,,,,,,,,,,,
Italian_language,Are the speakers who use italian as a second or cultural language estimated at around 110-120 million ?,NULL,,,,,,,,,,,,,,,,,,,,,,,,,,,,,,,,,,,,,,
Italian_language,Are front/back vowel rules for C and G similar in French , Romanian ,NULL,NULL,S09_set5_a9,,,,,,,,,,,,,,,,,,,,,,,,,,,,,,,,,,,
Italian_language,"So can Italian language hear ""istànbul "" or ""Ìstanbul"" ?",NULL,,,,,,,,,,,,,,,,,,,,,,,,,,,,,,,,,,,,,,
Italian_language,Will , the vowel sounds be pronounced separately) ?,S09_set5_a9,,,,,,,,,,,,,,,,,,,,,,,,,,,,,,,,,,,,,
Italian_language,Can Regional differences be recognized by various factors : the openness of vowels , the length of the consonants ,NULL,S09_set5_a9,,,,,,,,,,,,,,,,,,,,,,,,,,,,,,,,,,,,
Italian_language,Give dictionaries the latter as an alternative pronunciation ?,NULL,,,,,,,,,,,,,,,,,,,,,,,,,,,,,,,,,,,,,,
James_Watt,James Watt's improvements of what were fundamental to the changes wrought by the Industrial Revolution?,The steam engine.,,,,,,,,,,,,,,,,,,,,,,,,,,,,,,,,,,,,,,
James_Watt,James Watt's improvements of what were fundamental to the changes wrought by the Industrial Revolution?,steam engine,,,,,,,,,,,,,,,,,,,,,,,,,,,,,,,,,,,,,,
James_Watt,James Watt was born where?,Greenock,S09_set4_a2,,,,,,,,,,,,,,,,,,,,,,,,,,,,,,,,,,,,,
James_Watt,What was the name of James Watt's mother?,Agnus Muirhead,,,,,,,,,,,,,,,,,,,,,,,,,,,,,,,,,,,,,,
James_Watt,What was the name of James Watt's mother?,Agnes Muirhead,,,,,,,,,,,,,,,,,,,,,,,,,,,,,,,,,,,,,,
James_Watt,How many of James Watt's children did not live to adulthood?,3,,,,,,,,,,,,,,,,,,,,,,,,,,,,,,,,,,,,,,
James_Watt,How many of James Watt's children did not live to adulthood?,3,,,,,,,,,,,,,,,,,,,,,,,,,,,,,,,,,,,,,,
James_Watt,James Watt ranked first among how many people in Charles Murray's survey of historiometry?,229,,,,,,,,,,,,,,,,,,,,,,,,,,,,,,,,,,,,,,
James_Watt,James Watt ranked first among how many people in Charles Murray's survey of historiometry?,229,,,,,,,,,,,,,,,,,,,,,,,,,,,,,,,,,,,,,,
James_Watt,In what year did James travel to Lodon to study instrument-making?,1753,,,,,,,,,,,,,,,,,,,,,,,,,,,,,,,,,,,,,,
James_Watt,For how many years of James Watt's life was his mother alive?,17 years,,,,,,,,,,,,,,,,,,,,,,,,,,,,,,,,,,,,,,
James_Watt,What is James Watt most famous for?,Steam engine.,,,,,,,,,,,,,,,,,,,,,,,,,,,,,,,,,,,,,,
Japanese_language,What was Japanese language`s profession?,NULL,,,,,,,,,,,,,,,,,,,,,,,,,,,,,,,,,,,,,,
Japanese_language,What is Japanese language`s first name?,NULL,,,,,,,,,,,,,,,,,,,,,,,,,,,,,,,,,,,,,,
Japanese_language,Is the basic sentence structure topic-comment?,NULL,,,,,,,,,,,,,,,,,,,,,,,,,,,,,,,,,,,,,,
Japanese_language,Where are the circumstances complicated?,NULL,,,,,,,,,,,,,,,,,,,,,,,,,,,,,,,,,,,,,,
Japanese_language,Does the   form indicate a perfect tense?,NULL,,,,,,,,,,,,,,,,,,,,,,,,,,,,,,,,,,,,,,
Japanese_language,Is or a conception that forms the counterpart of dialect?,NULL,,,,,,,,,,,,,,,,,,,,,,,,,,,,,,,,,,,,,,
Japanese_language,Do most Japanese people employ politeness?,yes,,,,,,,,,,,,,,,,,,,,,,,,,,,,,,,,,,,,,,
Japanese_language,Is it true that Japanese borrowed a considerable number of words?,yes,,,,,,,,,,,,,,,,,,,,,,,,,,,,,,,,,,,,,,
Japanese_language,Japanese borrowed a considerable number of what?,NULL,,,,,,,,,,,,,,,,,,,,,,,,,,,,,,,,,,,,,,
Japanese_language,Is japanese language in the island?,NULL,,,,,,,,,,,,,,,,,,,,,,,,,,,,,,,,,,,,,,
Japanese_language,Is there a form of the language?,NULL,,,,,,,,,,,,,,,,,,,,,,,,,,,,,,,,,,,,,,
Japanese_language,Are the several dialects of Kagoshima famous to speakers?,yes,,,,,,,,,,,,,,,,,,,,,,,,,,,,,,,,,,,,,,
Japanese_language,"I.e ""yamato words "") ", which in scholarly contexts is sometimes referred to as ( or rarely ,NULL,NULL,NULL,S09_set5_a6,,,,,,,,,,,,,,,,,,,,,,,,,,,,,,,,,,
Japanese_language,Are japanese personal pronouns generally used only in situations requiring special emphasis as to who is doing what to whom ?,NULL,,,,,,,,,,,,,,,,,,,,,,,,,,,,,,,,,,,,,,
Japanese_language,": give ""please Japanese language to Mr ?",NULL,,,,,,,,,,,,,,,,,,,,,,,,,,,,,,,,,,,,,,
Japanese_language,Will a japanese person use vocabulary and inflections of the honorific register to refer to the in-group superior and Japanese language`s or Japanese language`s speech and actions ?,NULL,,,,,,,,,,,,,,,,,,,,,,,,,,,,,,,,,,,,,,
Japanese_language,Thus , can polite korean speech sound very presumptuous when translated verbatim into Japanese ,NULL,S09_set5_a6,,,,,,,,,,,,,,,,,,,,,,,,,,,,,,,,,,,,
Lima,Is Lima the capital of Peru?,Yes.,,,,,,,,,,,,,,,,,,,,,,,,,,,,,,,,,,,,,,
Lima,Is the Museum of Gold in Lima?,Yes.,,,,,,,,,,,,,,,,,,,,,,,,,,,,,,,,,,,,,,
Lima,Does Lima have volleyball venues?,Yes.,,,,,,,,,,,,,,,,,,,,,,,,,,,,,,,,,,,,,,
Lima,When was Lima founded?,Jan-18,S09_set3_a4,,,,,,,,,,,,,,,,,,,,,,,,,,,,,,,,,,,,,
Lima,Where is the Park of the Reserve located?,Near the downtown area.,,,,,,,,,,,,,,,,,,,,,,,,,,,,,,,,,,,,,,
Lima,What is a colectivo?,Automobiles that renders express service on some major roads of the Lima Metropolitan Area.,,,,,,,,,,,,,,,,,,,,,,,,,,,,,,,,,,,,,,
Lima,Is the National University of San Marcos in Lima?,Yes.,,,,,,,,,,,,,,,,,,,,,,,,,,,,,,,,,,,,,,
Lima,Has the San Lorenzo Megaport Project been completed?,No.,,,,,,,,,,,,,,,,,,,,,,,,,,,,,,,,,,,,,,
Lima,How many years ago was the Lima Stock Exchange the most profitable in the world?,Three,,,,,,,,,,,,,,,,,,,,,,,,,,,,,,,,,,,,,,
Lima,Is rainfall very low?,Yes.,,,,,,,,,,,,,,,,,,,,,,,,,,,,,,,,,,,,,,
Lima,Is lima the capital  and  largest  city  of Peru?,Yes.,,,,,,,,,,,,,,,,,,,,,,,,,,,,,,,,,,,,,,
Lima,Is The GDP  per capita in Lima $ 7,600  /  ref )?,S09_set3_a4,,,,,,,,,,,,,,,,,,,,,,,,,,,,,,,,,,,,,
Lima,The Spanish Crown named Pizarro governor of what?,Hemming.,,,,,,,,,,,,,,,,,,,,,,,,,,,,,,,,,,,,,,
Lima,Is it true that the ideas of the Enlightenment shaped the development of the city?,Yes.,,,,,,,,,,,,,,,,,,,,,,,,,,,,,,,,,,,,,,
Lima,The ideas of the Enlightenment shaped the development of what?,the city,S09_set3_a4,,,,,,,,,,,,,,,,,,,,,,,,,,,,,,,,,,,,,
London,Is London the capital of the United Kingdom?,Yes,,,,,,,,,,,,,,,,,,,,,,,,,,,,,,,,,,,,,,
London,Is London the capital of the United Kingdom?,Yes,,,,,,,,,,,,,,,,,,,,,,,,,,,,,,,,,,,,,,
London,Does London's population draw from a wide range of religions?,Yes,,,,,,,,,,,,,,,,,,,,,,,,,,,,,,,,,,,,,,
London,Does London's population draw from a wide range of religions?,Yes,,,,,,,,,,,,,,,,,,,,,,,,,,,,,,,,,,,,,,
London,Did Caunte take control of the English throne in 101?,No,,,,,,,,,,,,,,,,,,,,,,,,,,,,,,,,,,,,,,
London,Over how many languages are spoken in London?,Over 300 languages are spoken in london,,,,,,,,,,,,,,,,,,,,,,,,,,,,,,,,,,,,,,
London,Over how many languages are spoken in London?,Over 300,,,,,,,,,,,,,,,,,,,,,,,,,,,,,,,,,,,,,,
London,What had the Anglo-Saxons created by the 600s?,By the 600s,S09_set3_a1,,,,,,,,,,,,,,,,,,,,,,,,,,,,,,,,,,,,,
London,What had the Anglo-Saxons created by the 600s?,a new S09_settlement called Lundenwic,,,,,,,,,,,,,,,,,,,,,,,,,,,,,,,,,,,,,,
London,What city in the UK has been subjected to bouts of terrorism?,London has been subjected to bouts of terrorism.,,,,,,,,,,,,,,,,,,,,,,,,,,,,,,,,,,,,,,
London,What city in the UK has been subjected to bouts of terrorism?,London,,,,,,,,,,,,,,,,,,,,,,,,,,,,,,,,,,,,,,
London,What countries did James VI of Scotland unite?,James VI of Scotland united Scotland and England.,,,,,,,,,,,,,,,,,,,,,,,,,,,,,,,,,,,,,,
London,What countries did James VI of Scotland unite?,England and Scotland,,,,,,,,,,,,,,,,,,,,,,,,,,,,,,,,,,,,,,
London,How did civil wars affect England during the Middle Ages?,London remained relatively untouched,,,,,,,,,,,,,,,,,,,,,,,,,,,,,,,,,,,,,,
Lyre,Are the strings of a classical lyre made of gut?,Yes,,,,,,,,,,,,,,,,,,,,,,,,,,,,,,,,,,,,,,
Lyre,Does a classical lyre have a sound-chest?,Yes,,,,,,,,,,,,,,,,,,,,,,,,,,,,,,,,,,,,,,
Lyre,Is lyre played in mordern Greece?,No,,,,,,,,,,,,,,,,,,,,,,,,,,,,,,,,,,,,,,
Lyre,Which part of the strings does the left hand touch?,The lower strings,,,,,,,,,,,,,,,,,,,,,,,,,,,,,,,,,,,,,,
Lyre,In which place is lyre still played?,North-eastern parts of Africa,,,,,,,,,,,,,,,,,,,,,,,,,,,,,,,,,,,,,,
Lyre,Does a classical lyre have a fingerboard?,Yes,,,,,,,,,,,,,,,,,,,,,,,,,,,,,,,,,,,,,,
Lyre,Is a guitar played with a plectrum like a lyre?,Yes,,,,,,,,,,,,,,,,,,,,,,,,,,,,,,,,,,,,,,
Michael_Faraday,Was Michael Faraday an English chemist?,yes,,,,,,,,,,,,,,,,,,,,,,,,,,,,,,,,,,,,,,
Michael_Faraday,Was Michael Faraday an English chemist?,yes,,,,,,,,,,,,,,,,,,,,,,,,,,,,,,,,,,,,,,
Michael_Faraday,Was Faraday a devout Christian?,yes,,,,,,,,,,,,,,,,,,,,,,,,,,,,,,,,,,,,,,
Michael_Faraday,Was Faraday a devout Christian?,yes,,,,,,,,,,,,,,,,,,,,,,,,,,,,,,,,,,,,,,
Michael_Faraday,Was Faraday considered a gentleman?,no,,,,,,,,,,,,,,,,,,,,,,,,,,,,,,,,,,,,,,
Michael_Faraday,Was Faraday considered a gentleman?,no,,,,,,,,,,,,,,,,,,,,,,,,,,,,,,,,,,,,,,
Michael_Faraday,Who was a member of the Sandemanian sect of Christianity?,yes,,,,,,,,,,,,,,,,,,,,,,,,,,,,,,,,,,,,,,
Michael_Faraday,Who was a member of the Sandemanian sect of Christianity?,Faraday,,,,,,,,,,,,,,,,,,,,,,,,,,,,,,,,,,,,,,
Michael_Faraday,What did Joseph Henry likely discover?,self-induction,,,,,,,,,,,,,,,,,,,,,,,,,,,,,,,,,,,,,,
Michael_Faraday,What did Joseph Henry likely discover?,self-induction,,,,,,,,,,,,,,,,,,,,,,,,,,,,,,,,,,,,,,
Michael_Faraday,What did the University of Oxford grant Faraday?,a Doctor of Civil Law degree (honorary),,,,,,,,,,,,,,,,,,,,,,,,,,,,,,,,,,,,,,
Michael_Faraday,What did the University of Oxford grant Faraday?,Doctor of Civil Law degree (honorary),,,,,,,,,,,,,,,,,,,,,,,,,,,,,,,,,,,,,,
Michael_Faraday,Who was made to travel outside the coach?,Faraday,,,,,,,,,,,,,,,,,,,,,,,,,,,,,,,,,,,,,,
Michael_Faraday,Did Faraday construct the ancestor of modern power generators?,yes,,,,,,,,,,,,,,,,,,,,,,,,,,,,,,,,,,,,,,
Michael_Faraday,Did Faraday construct the ancestor of modern power generators?,yes,,,,,,,,,,,,,,,,,,,,,,,,,,,,,,,,,,,,,,
Michael_Faraday,Did Faraday lecture on education in 1854?,yes,,,,,,,,,,,,,,,,,,,,,,,,,,,,,,,,,,,,,,
Michael_Faraday,Did Faraday lecture on education in 1854?,yes,,,,,,,,,,,,,,,,,,,,,,,,,,,,,,,,,,,,,,
Michael_Faraday,Did Faraday receive an extensive formal education?,no,,,,,,,,,,,,,,,,,,,,,,,,,,,,,,,,,,,,,,
Michael_Faraday,Did Faraday receive an extensive formal education?,no,,,,,,,,,,,,,,,,,,,,,,,,,,,,,,,,,,,,,,
Michael_Faraday,Did Faraday discover the chemical substance benzene?,yes,,,,,,,,,,,,,,,,,,,,,,,,,,,,,,,,,,,,,,
Michael_Faraday,Did Faraday discover the chemical substance benzene?,yes,,,,,,,,,,,,,,,,,,,,,,,,,,,,,,,,,,,,,,
Michael_Faraday,Was Faraday born in England?,yes,,,,,,,,,,,,,,,,,,,,,,,,,,,,,,,,,,,,,,
Michael_Faraday,Was Faraday born in England?,yes,,,,,,,,,,,,,,,,,,,,,,,,,,,,,,,,,,,,,,
Michael_Faraday,What do some historians of science refer to Faraday as?,the best experimentalist in the history of science,,,,,,,,,,,,,,,,,,,,,,,,,,,,,,,,,,,,,,
Michael_Faraday,What do some historians of science refer to Faraday as?,best experimentalist in the history of science,,,,,,,,,,,,,,,,,,,,,,,,,,,,,,,,,,,,,,
Michael_Faraday,Who was the sponsor and mentor of Faraday?,John 'Mad Jack' Fuller,,,,,,,,,,,,,,,,,,,,,,,,,,,,,,,,,,,,,,
Michael_Faraday,Who was the sponsor and mentor of Faraday?,John 'Mad Jack' Fuller,,,,,,,,,,,,,,,,,,,,,,,,,,,,,,,,,,,,,,
Michael_Faraday,What did Faraday invent that is used almost universally in science laboratories?,the Bunsen burner,,,,,,,,,,,,,,,,,,,,,,,,,,,,,,,,,,,,,,
Michael_Faraday,What did Faraday invent that is used almost universally in science laboratories?,Bunsen burner,,,,,,,,,,,,,,,,,,,,,,,,,,,,,,,,,,,,,,
Michael_Faraday,Does the production of chemical weapons raise an ethical issue?,yes,,,,,,,,,,,,,,,,,,,,,,,,,,,,,,,,,,,,,,
Michael_Faraday,What was the Faraday effect first called?,diamagnetism,,,,,,,,,,,,,,,,,,,,,,,,,,,,,,,,,,,,,,
Michael_Faraday,What was the Faraday effect first called?,diamagnetism,,,,,,,,,,,,,,,,,,,,,,,,,,,,,,,,,,,,,,
Michael_Faraday,Can you meet someone through attending a church?,yes,,,,,,,,,,,,,,,,,,,,,,,,,,,,,,,,,,,,,,
Michael_Faraday,What was Michael Faraday`s birthplace?,Newington Butts,,,,,,,,,,,,,,,,,,,,,,,,,,,,,,,,,,,,,,
Michael_Faraday,What was Michael Faraday`s profession?,chemist and physicist,,,,,,,,,,,,,,,,,,,,,,,,,,,,,,,,,,,,,,
Michael_Faraday,How many years ago did Faraday report on the first synthesis of compound make from carbon and chlorine , c 2 h 6 and c 2 h 4 ?,S09_set4_a7,,,,,,,,,,,,,,,,,,,,,,,,,,,,,,,,,,,,,
Michael_Faraday,How many years ago was it when he discovered the phenomenon that he named diamagnetism , and what is now called the Faraday effect?,S09_set4_a7,,,,,,,,,,,,,,,,,,,,,,,,,,,,,,,,,,,,,
Michael_Faraday,How many years ago was it when Faraday wrote a letter to The Times on the subject of the foul condition of the River Thames , which resulted in an oft-reprinted cartoon in Punch?,S09_set4_a7,,,,,,,,,,,,,,,,,,,,,,,,,,,,,,,,,,,,,
Michael_Faraday,How many years ago was it when he discovered that the optical properties of gold colloids differed from those of the corresponding bulk metal?,162,,,,,,,,,,,,,,,,,,,,,,,,,,,,,,,,,,,,,,
Michael_Faraday,Was education another area  of service  for Faraday?,yes,,,,,,,,,,,,,,,,,,,,,,,,,,,,,,,,,,,,,,
Michael_Faraday,Was faraday `s  earliest  chemical  work as an assistant  to Davy?,Yes,,,,,,,,,,,,,,,,,,,,,,,,,,,,,,,,,,,,,,
Michael_Faraday,Who died at his house at Hampton Court on August 25, 1867?,S09_set4_a7,,,,,,,,,,,,,,,,,,,,,,,,,,,,,,,,,,,,,
Michael_Faraday,When was Michael Faraday born?,Sep-22,S09_set4_a7,,,,,,,,,,,,,,,,,,,,,,,,,,,,,,,,,,,,,
Michael_Faraday,Where did he serve two terms?,the Church of Scotland,,,,,,,,,,,,,,,,,,,,,,,,,,,,,,,,,,,,,,
Michael_Faraday,Who was born in Newington Butts, near present-day South London,medium,S09_set4_a7,,,,,,,,,,,,,,,,,,,,,,,,,,,,,,,,,,,,
Michael_Faraday,Is it true that institution formed the foundation of electric motor technology?,no,,,,,,,,,,,,,,,,,,,,,,,,,,,,,,,,,,,,,,
Michael_Faraday,Institution formed the foundation of what?,modern electromagnetic technology,,,,,,,,,,,,,,,,,,,,,,,,,,,,,,,,,,,,,,
Michael_Faraday,Was his father member of the Sandemanian sect?,yes,,,,,,,,,,,,,,,,,,,,,,,,,,,,,,,,,,,,,,
Michael_Faraday,Was faraday Christian of the small Sandemanian denomination?,yes,,,,,,,,,,,,,,,,,,,,,,,,,,,,,,,,,,,,,,
Nassau,Is Nassau Sound a body of water in Maine?,no,,,,,,,,,,,,,,,,,,,,,,,,,,,,,,,,,,,,,,
Nassau,Was Nassau placed in operation by Robert Fulton?,yes,,,,,,,,,,,,,,,,,,,,,,,,,,,,,,,,,,,,,,
Nassau,Who was Fort Nassau built by?,the Dutch,,,,,,,,,,,,,,,,,,,,,,,,,,,,,,,,,,,,,,
Nassau,What is Nassau Coliseum?,an arena in Uniondale,medium,S09_set3_a2,,,,,,,,,,,,,,,,,,,,,,,,,,,,,,,,,,,,
Nassau,What was the Dead or Alive 4 fighting arena modeled after?,a Magnetic Accelerator Cannon station from Halo 2,,,,,,,,,,,,,,,,,,,,,,,,,,,,,,,,,,,,,,
Nassau,Is Nassau Range the highest mountain range in the world?,no,,,,,,,,,,,,,,,,,,,,,,,,,,,,,,,,,,,,,,
Nassau,Is Nassau County named after a German town?,yes,,,,,,,,,,,,,,,,,,,,,,,,,,,,,,,,,,,,,,
Nassau,Does the United States have a base near Glasgow?,yes,,,,,,,,,,,,,,,,,,,,,,,,,,,,,,,,,,,,,,
Nikola_Tesla,Did Tesla study electrical engineering?,Yes,,,,,,,,,,,,,,,,,,,,,,,,,,,,,,,,,,,,,,
Nikola_Tesla,Did Tesla study electrical engineering?,yes,,,,,,,,,,,,,,,,,,,,,,,,,,,,,,,,,,,,,,
Nikola_Tesla,Was Tesla born in the United States?,No,,,,,,,,,,,,,,,,,,,,,,,,,,,,,,,,,,,,,,
Nikola_Tesla,Was Tesla born in the United States?,no,,,,,,,,,,,,,,,,,,,,,,,,,,,,,,,,,,,,,,
Nikola_Tesla,Was Tesla hired by Edison?,Yes,,,,,,,,,,,,,,,,,,,,,,,,,,,,,,,,,,,,,,
Nikola_Tesla,Was Tesla hired by Edison?,yes,,,,,,,,,,,,,,,,,,,,,,,,,,,,,,,,,,,,,,
Nikola_Tesla,When did Tesla demonstrate wireless communication (radio)?,1893,,,,,,,,,,,,,,,,,,,,,,,,,,,,,,,,,,,,,,
Nikola_Tesla,When did Tesla demonstrate wireless communication (radio)?,1893,,,,,,,,,,,,,,,,,,,,,,,,,,,,,,,,,,,,,,
Nikola_Tesla,What is the SI unit measuring magnetic flux density or magnetic induction?,the tesla,,,,,,,,,,,,,,,,,,,,,,,,,,,,,,,,,,,,,,
Nikola_Tesla,What is the SI unit measuring magnetic flux density or magnetic induction?,the tesla,,,,,,,,,,,,,,,,,,,,,,,,,,,,,,,,,,,,,,
Nikola_Tesla,Was Tesla regarded as a mad scientist?,Yes,,,,,,,,,,,,,,,,,,,,,,,,,,,,,,,,,,,,,,
Nikola_Tesla,Was Tesla regarded as a mad scientist?,yes,,,,,,,,,,,,,,,,,,,,,,,,,,,,,,,,,,,,,,
Nikola_Tesla,What type of current did Tesla invent?,AC,,,,,,,,,,,,,,,,,,,,,,,,,,,,,,,,,,,,,,
Nikola_Tesla,"Who was the victor of the ""War of Currents""?",Tesla,,,,,,,,,,,,,,,,,,,,,,,,,,,,,,,,,,,,,,
Nikola_Tesla,"Who was the victor of the ""War of Currents""?",Nikola Tesla,,,,,,,,,,,,,,,,,,,,,,,,,,,,,,,,,,,,,,
Nikola_Tesla,Where did Tesla study electrical engineering?,the Austrian Polytechnic in Graz ,,,,,,,,,,,,,,,,,,,,,,,,,,,,,,,,,,,,,,
Nikola_Tesla,Where did Tesla study electrical engineering?,Austrian Polytechnic in Graz,,,,,,,,,,,,,,,,,,,,,,,,,,,,,,,,,,,,,,
Ottawa,Is Ottawa the capital of Canada?,Yes,,,,,,,,,,,,,,,,,,,,,,,,,,,,,,,,,,,,,,
Ottawa,Does Ottawa sit on the Ottowa River?,Yes,,,,,,,,,,,,,,,,,,,,,,,,,,,,,,,,,,,,,,
Ottawa,Do small tremors occur in Ottawa?,Yes,,,,,,,,,,,,,,,,,,,,,,,,,,,,,,,,,,,,,,
Ottawa,What is Ottawa's population?,1,medium,S09_set3_a5,,,,,,,,,,,,,,,,,,,,,,,,,,,,,,,,,,,,
Ottawa,What are Ottawa's primary industries?,Logging and lumber,,,,,,,,,,,,,,,,,,,,,,,,,,,,,,,,,,,,,,
Ottawa,What is Ottawa's junior ice hockey team?,the Ottawa 67's,,,,,,,,,,,,,,,,,,,,,,,,,,,,,,,,,,,,,,
Ottawa,What is Ottawa's major league hockey team?,the Ottawa Senators,,,,,,,,,,,,,,,,,,,,,,,,,,,,,,,,,,,,,,
Ottawa,What are Carleton University's athletic teams called?,Carleton Ravens,,,,,,,,,,,,,,,,,,,,,,,,,,,,,,,,,,,,,,
Ottawa,Is Ottawa colder than Moscow in January?,Yes,,,,,,,,,,,,,,,,,,,,,,,,,,,,,,,,,,,,,,
Ottawa,Is Ottawa on a river?,yes,,,,,,,,,,,,,,,,,,,,,,,,,,,,,,,,,,,,,,
Ottawa,Is Ottawa on a river?,yes,,,,,,,,,,,,,,,,,,,,,,,,,,,,,,,,,,,,,,
Ottawa,Does it snow in Ottawa?,yes,,,,,,,,,,,,,,,,,,,,,,,,,,,,,,,,,,,,,,
Ottawa,Does it snow in Ottawa?,yes,,,,,,,,,,,,,,,,,,,,,,,,,,,,,,,,,,,,,,
Ottawa,Was there a cholera outbreak in 1832?,yes,,,,,,,,,,,,,,,,,,,,,,,,,,,,,,,,,,,,,,
Ottawa,Was there a cholera outbreak in 1832?,yes,,,,,,,,,,,,,,,,,,,,,,,,,,,,,,,,,,,,,,
Ottawa,Who is the mayor of Ottawa?,Larry O'Brien,,,,,,,,,,,,,,,,,,,,,,,,,,,,,,,,,,,,,,
Ottawa,Who is the mayor of Ottawa?,Larry O'Brien,,,,,,,,,,,,,,,,,,,,,,,,,,,,,,,,,,,,,,
Ottawa,How many townships are in Ottawa?,eleven,,,,,,,,,,,,,,,,,,,,,,,,,,,,,,,,,,,,,,
Ottawa,How many townships are in Ottawa?,eleven,,,,,,,,,,,,,,,,,,,,,,,,,,,,,,,,,,,,,,
Ottawa,What's the main highway in Ottawa?,Highway 417,S09_set3_a5,,,,,,,,,,,,,,,,,,,,,,,,,,,,,,,,,,,,,
Ottawa,What's the main highway in Ottawa?,provinical Highway 417,,,,,,,,,,,,,,,,,,,,,,,,,,,,,,,,,,,,,,
Ottawa,What was Ottawa's name in 1850?,Bytown,,,,,,,,,,,,,,,,,,,,,,,,,,,,,,,,,,,,,,
Ottawa,What was Ottawa's name in 1850?,Bytown,,,,,,,,,,,,,,,,,,,,,,,,,,,,,,,,,,,,,,
Ottawa,Based on the average, in what year will the next small tremor occur in Ottawa?,S09_set3_a5,,,,,,,,,,,,,,,,,,,,,,,,,,,,,,,,,,,,,
Ottawa,Based on the average, in what year will the next small tremor occur in Ottawa?,S09_set3_a5,,,,,,,,,,,,,,,,,,,,,,,,,,,,,,,,,,,,,
Ottawa,Where were immigrants from in the 1800s?,Irish,,,,,,,,,,,,,,,,,,,,,,,,,,,,,,,,,,,,,,
Ottawa,Where were immigrants from in the 1800s?,Ireland,,,,,,,,,,,,,,,,,,,,,,,,,,,,,,,,,,,,,,
Ottawa,Are there also discussions of having OC Transpo Light Rail and STO Transitway networks linking on the Gatineau side of the Ottawa River ?,Yes.,,,,,,,,,,,,,,,,,,,,,,,,,,,,,,,,,,,,,,
Otter,Does the giant otter live in South America?,Yes,,,,,,,,,,,,,,,,,,,,,,,,,,,,,,,,,,,,,,
Otter,Does the giant otter live in South America?,yes,,,,,,,,,,,,,,,,,,,,,,,,,,,,,,,,,,,,,,
Otter,Do otters have claws?,Yes,,,,,,,,,,,,,,,,,,,,,,,,,,,,,,,,,,,,,,
Otter,Do otters have claws?,yes,,,,,,,,,,,,,,,,,,,,,,,,,,,,,,,,,,,,,,
Otter,Do otters eat fish?,Yes,,,,,,,,,,,,,,,,,,,,,,,,,,,,,,,,,,,,,,
Otter,Do otters eat fish?,yes,,,,,,,,,,,,,,,,,,,,,,,,,,,,,,,,,,,,,,
Otter,What is an otter's den called?,A holt,,,,,,,,,,,,,,,,,,,,,,,,,,,,,,,,,,,,,,
Otter,What is an otter's den called?,holt,,,,,,,,,,,,,,,,,,,,,,,,,,,,,,,,,,,,,,
Otter,Where do sea otters live?,Beside water,,,,,,,,,,,,,,,,,,,,,,,,,,,,,,,,,,,,,,
Otter,Where do sea otters live?,Pacific coast of North America,,,,,,,,,,,,,,,,,,,,,,,,,,,,,,,,,,,,,,
Otter,Why are otters vulnerable to prey depletion?,Prey-dependence,,,,,,,,,,,,,,,,,,,,,,,,,,,,,,,,,,,,,,
Otter,Why are otters vulnerable to prey depletion?,prey-dependency,,,,,,,,,,,,,,,,,,,,,,,,,,,,,,,,,,,,,,
Otter,Do otters enjoy playing?,Yes,,,,,,,,,,,,,,,,,,,,,,,,,,,,,,,,,,,,,,
Otter,Do otters enjoy playing?,yes,,,,,,,,,,,,,,,,,,,,,,,,,,,,,,,,,,,,,,
Otter,Do sea otters have a layer of fat like whales?,No,,,,,,,,,,,,,,,,,,,,,,,,,,,,,,,,,,,,,,
Otter,Do sea otters have a layer of fat like whales?,no,,,,,,,,,,,,,,,,,,,,,,,,,,,,,,,,,,,,,,
Otter,Is the otter in the same family as the badger?,Yes,,,,,,,,,,,,,,,,,,,,,,,,,,,,,,,,,,,,,,
Otter,Is the otter in the same family as the badger?,yes,,,,,,,,,,,,,,,,,,,,,,,,,,,,,,,,,,,,,,
Santiago,Are there any cities named Santiago in the United States?,yes,,,,,,,,,,,,,,,,,,,,,,,,,,,,,,,,,,,,,,
Santiago,Are there any cities named Santiago in the United States?,Yes,,,,,,,,,,,,,,,,,,,,,,,,,,,,,,,,,,,,,,
Santiago,Was Santiago the name of an indie/punk band?,yes,,,,,,,,,,,,,,,,,,,,,,,,,,,,,,,,,,,,,,
Santiago,Was Santiago the name of an indie/punk band?,Yes,,,,,,,,,,,,,,,,,,,,,,,,,,,,,,,,,,,,,,
Santiago,Is Santiago a name in Spanish?,yes,,,,,,,,,,,,,,,,,,,,,,,,,,,,,,,,,,,,,,
Santiago,Is Santiago a name in Spanish?,Yes,,,,,,,,,,,,,,,,,,,,,,,,,,,,,,,,,,,,,,
Santiago,What is the origin of the name Santiago?,Spanish for St. James,,,,,,,,,,,,,,,,,,,,,,,,,,,,,,,,,,,,,,
Santiago,What is the origin of the name Santiago?,sanit + iago,S09_set3_a6,,,,,,,,,,,,,,,,,,,,,,,,,,,,,,,,,,,,,
Santiago,Who has released an album or song named Santiago?,The Chieftains; Loreena McKennitt,,,,,,,,,,,,,,,,,,,,,,,,,,,,,,,,,,,,,,
Santiago,Who has released an album or song named Santiago?,The Chieftains and Loreena McKennitt,,,,,,,,,,,,,,,,,,,,,,,,,,,,,,,,,,,,,,
Santiago,What is the Order of Santiago?,a Spanish knightly order,,,,,,,,,,,,,,,,,,,,,,,,,,,,,,,,,,,,,,
Santiago,What is the Order of Santiago?,a Spanish Knightly order,,,,,,,,,,,,,,,,,,,,,,,,,,,,,,,,,,,,,,
Santiago,What notable people have been named Santiago?,Benito Santiago, Rafael Santiago Maria, Santiago Caballero, Santiago Cabrera; James, son of Zebedee,hard,hard,S09_set3_a6,,,,,,,,,,,,,,,,,,,,,,,,,,,,,,,
Santiago,What notable people have been named Santiago?,Benito,hard,S09_set3_a6,,,,,,,,,,,,,,,,,,,,,,,,,,,,,,,,,,,,
Santiago,What fictional stories include a main character named Santiago?,Gears of War, the television series Babylon 5, Anne Rice's novel Interview with the Vampire, aulo Coelho's The Alchemist (novel), the television show Friday Night Lights,hard,hard,S09_set3_a6,,,,,,,,,,,,,,,,,,,,,,,,,,,,,,,
Santiago,What fictional stories include a main character named Santiago?,Interview with the Vampire,hard,S09_set3_a6,,,,,,,,,,,,,,,,,,,,,,,,,,,,,,,,,,,,
Santiago,Is Santiago the national capital of a country?,Yes,,,,,,,,,,,,,,,,,,,,,,,,,,,,,,,,,,,,,,
Santiago,Is santiago Spanish for St. James  ( from santo ,  saint  +  iago ,easy,S09_set3_a6,,,,,,,,,,,,,,,,,,,,,,,,,,,,,,,,,,,,
Santiago,Is santiago Spanish for St. James?,Yes,,,,,,,,,,,,,,,,,,,,,,,,,,,,,,,,,,,,,,
Santiago,What is Santiago?,Santiago is Spanish for St. James. It is also the name of places in Argentina, Colombia, Costa Rica, Cuba, the Dominican Republic, Ecuador, Guatemala, Jamaica, Mexico, Nicaragua, Panama, Paraguay, Peru, the Philippines, Portugal, Spain, the United States, Venezuela, and the Amazon. It is also the name of a baseball catcher, a film director, a guitarist, an economist, a footballer, a DJ, an actor, and James, son of Zebedee. Fictional people with this name include a character from Gears of War, a character from Chronicle of a Death Foretold, a character in Old Man and the Sea, a character in Babylon 5, a character in Interview with the Vampire, the main character of The Alchemist, and a character on Friday Night Lights. There has also been a battle of Santiago de Cuba, a couple of bands named Santiago, an Order of Santiago," and ""Santiago"" as a shortened form of the Reconquista battle cry.",NULL,too hard,S09_set3_a6
Spanish_language,Are countries without in red?,NULL,,,,,,,,,,,,,,,,,,,,,,,,,,,,,,,,,,,,,,
Spanish_language,However, is English the official  language?,S09_set5_a8,,,,,,,,,,,,,,,,,,,,,,,,,,,,,,,,,,,,,
Spanish_language,Are most Spanish  speakers in Latin America?,NULL,,,,,,,,,,,,,,,,,,,,,,,,,,,,,,,,,,,,,,
Spanish_language,Are countries where is a regionalism in green?,NULL,,,,,,,,,,,,,,,,,,,,,,,,,,,,,,,,,,,,,,
Spanish_language,The deeper  the blue  is, is the more  predominant?,S09_set5_a8,,,,,,,,,,,,,,,,,,,,,,,,,,,,,,,,,,,,,
Spanish_language,Are these marked with an asterisk  ( *  )?,NULL,,,,,,,,,,,,,,,,,,,,,,,,,,,,,,,,,,,,,,
Spanish_language,Did the language lose its official status?,NULL,,,,,,,,,,,,,,,,,,,,,,,,,,,,,,,,,,,,,,
Spanish_language,Where do about 400 million people speak Spanish?,NULL,,,,,,,,,,,,,,,,,,,,,,,,,,,,,,,,,,,,,,
Spanish_language,What kind of instrument is the spanish language?,NULL,,,,,,,,,,,,,,,,,,,,,,,,,,,,,,,,,,,,,,
Spanish_language,Is the lexical similarity with Italian estimated at 82%?,NULL,,,,,,,,,,,,,,,,,,,,,,,,,,,,,,,,,,,,,,
Spanish_language,Is spanish an official language of the European Union?,NULL,,,,,,,,,,,,,,,,,,,,,,,,,,,,,,,,,,,,,,
Spanish_language,What is an official language of the European Union?,NULL,,,,,,,,,,,,,,,,,,,,,,,,,,,,,,,,,,,,,,
Spanish_language,Is it true that mexico contains the largest population of Spanish speakers?,NULL,,,,,,,,,,,,,,,,,,,,,,,,,,,,,,,,,,,,,,
Spanish_language,Mexico contains the largest population of what?,NULL,,,,,,,,,,,,,,,,,,,,,,,,,,,,,,,,,,,,,,
Spanish_language,Is this phenomenon notable in Brazil?,NULL,,,,,,,,,,,,,,,,,,,,,,,,,,,,,,,,,,,,,,
Spanish_language,Is spanish one of the official languages?,NULL,,,,,,,,,,,,,,,,,,,,,,,,,,,,,,,,,,,,,,
Spanish_language,Is universidad de México Instituto Cervantes Spanish language of Spain?,NULL,,,,,,,,,,,,,,,,,,,,,,,,,,,,,,,,,,,,,,
Spanish_language,Is spanish language of the European Union?,NULL,,,,,,,,,,,,,,,,,,,,,,,,,,,,,,,,,,,,,,
Spanish_language,Pasan en consecuencia , las palabras que comienzan por estas dos letras ,NULL,NULL,NULL,S09_set5_a8,,,,,,,,,,,,,,,,,,,,,,,,,,,,,,,,,,
Spanish_language,Allow the common features of the writing systems of the Romance languages for a greater amount of interlingual reading comprehension than oral communication would ?,NULL,,,,,,,,,,,,,,,,,,,,,,,,,,,,,,,,,,,,,,
Swahili_language,What was Swahili language`s profession?,NULL,,,,,,,,,,,,,,,,,,,,,,,,,,,,,,,,,,,,,,
Swahili_language,How many years ago was an interterritorial conference held at Mombasa ?,NULL,,,,,,,,,,,,,,,,,,,,,,,,,,,,,,,,,,,,,,
Swahili_language,What is Swahili language`s last name?,NULL,,,,,,,,,,,,,,,,,,,,,,,,,,,,,,,,,,,,,,
Swahili_language,How many years ago was it when the rulers of Zanzibar organized trading expeditions into the interior of the mainland , up to the various lakes in the continent `s Great Rift Valley?,S09_set5_a4,,,,,,,,,,,,,,,,,,,,,,,,,,,,,,,,,,,,,
Swahili_language,What is Swahili language`s first name?,NULL,,,,,,,,,,,,,,,,,,,,,,,,,,,,,,,,,,,,,,
Swahili_language,Where did Swahili language die?,NULL,,,,,,,,,,,,,,,,,,,,,,,,,,,,,,,,,,,,,,
Swahili_language,Has swahili no diphthongs?,No,,,,,,,,,,,,,,,,,,,,,,,,,,,,,,,,,,,,,,
Swahili_language,Is a third  prefix the object  prefix?,Yes,,,,,,,,,,,,,,,,,,,,,,,,,,,,,,,,,,,,,,
Swahili_language,When is /ref>,NULL,,,,,,,,,,,,,,,,,,,,,,,,,,,,,,,,,,,,,,
Swahili_language,Swahili unusual?,NULL,,,,,,,,,,,,,,,,,,,,,,,,,,,,,,,,,,,,,,
Swahili_language,Where does swahili grammar arrange nouns?,NULL,,,,,,,,,,,,,,,,,,,,,,,,,,,,,,,,,,,,,,
Swahili_language,What was the only good candidate in these two colonies?,NULL,,,,,,,,,,,,,,,,,,,,,,,,,,,,,,,,,,,,,,
Swahili_language,Do some writers mark aspirated consonants?,NULL,,,,,,,,,,,,,,,,,,,,,,,,,,,,,,,,,,,,,,
Swahili_language,Was one key step in spreading Swahili to create a standard written language?,NULL,,,,,,,,,,,,,,,,,,,,,,,,,,,,,,,,,,,,,,
Swahili_language,Are there today more speakers in Kenya of the Somali coast?,NULL,,,,,,,,,,,,,,,,,,,,,,,,,,,,,,,,,,,,,,
Swahili_language,Is      / ref Swahili unusual among sub-Saharan languages?,Yes,,,,,,,,,,,,,,,,,,,,,,,,,,,,,,,,,,,,,,
Swahili_language,The pronunciation of the phoneme / u / stands between what?,NULL,,,,,,,,,,,,,,,,,,,,,,,,,,,,,,,,,,,,,,
Swahili_language,Are vowels never reduced , regardless of stress ?,S09_set5_a4,,,,,,,,,,,,,,,,,,,,,,,,,,,,,,,,,,,,,
Swan,Does the Australian Black Swan have white feathers on its wings?,yes,,,,,,,,,,,,,,,,,,,,,,,,,,,,,,,,,,,,,,
Swan,Does the Australian Black Swan have white feathers on its wings?,Yes,,,,,,,,,,,,,,,,,,,,,,,,,,,,,,,,,,,,,,
Swan,Do swans belong to the family Anatidae?,yes,,,,,,,,,,,,,,,,,,,,,,,,,,,,,,,,,,,,,,
Swan,Do swans belong to the family Anatidae?,Yes,,,,,,,,,,,,,,,,,,,,,,,,,,,,,,,,,,,,,,
Swan,Can black swans swim with only one leg?,yes,,,,,,,,,,,,,,,,,,,,,,,,,,,,,,,,,,,,,,
Swan,Can black swans swim with only one leg?,Yes,,,,,,,,,,,,,,,,,,,,,,,,,,,,,,,,,,,,,,
Swan,What are young swans known as?,cygnets,,,,,,,,,,,,,,,,,,,,,,,,,,,,,,,,,,,,,,
Swan,What are young swans known as?,Cygnets,,,,,,,,,,,,,,,,,,,,,,,,,,,,,,,,,,,,,,
Swan,What is the Irish legend of the Children of Lir about?,a stepmother transforming her children into swans for 900 years,,,,,,,,,,,,,,,,,,,,,,,,,,,,,,,,,,,,,,
Swan,What is the Irish legend of the Children of Lir about?,A stepmother transforming her children into swans for 900 years,,,,,,,,,,,,,,,,,,,,,,,,,,,,,,,,,,,,,,
Swan,What is the Sanskrit word for swan?,hamsa or hansa,,,,,,,,,,,,,,,,,,,,,,,,,,,,,,,,,,,,,,
Swan,What is the Sanskrit word for swan?,Hamsa or hansa,,,,,,,,,,,,,,,,,,,,,,,,,,,,,,,,,,,,,,
Swan,"Which album was the song ""The Bonny Swans"" from?",The Mask and Mirror,,,,,,,,,,,,,,,,,,,,,,,,,,,,,,,,,,,,,,
Swan,"Which album was the song ""The Bonny Swans"" from?",The Mask and Mirror,,,,,,,,,,,,,,,,,,,,,,,,,,,,,,,,,,,,,,
Swan,What is the Polish word for swan?,&#321;ab&#281;d&#378;,,,,,,,,,,,,,,,,,,,,,,,,,,,,,,,,,,,,,,
Swan,What is the Polish word for swan?,Łabędź,,,,,,,,,,,,,,,,,,,,,,,,,,,,,,,,,,,,,,
Swan,Which ballet by Pyotr Tchaikovsky is partially based on an Ancient German legend about a princess who was turned into a swan?,Swan Lake,,,,,,,,,,,,,,,,,,,,,,,,,,,,,,,,,,,,,,
Swan,Which ballet by Pyotr Tchaikovsky is partially based on an Ancient German legend about a princess who was turned into a swan?,Swan Lake,,,,,,,,,,,,,,,,,,,,,,,,,,,,,,,,,,,,,,
Swan,Are swan birds of the family Anatidae?,Yes.,,,,,,,,,,,,,,,,,,,,,,,,,,,,,,,,,,,,,,
Swan,Are swan birds of the family Anatidae?,Yes,,,,,,,,,,,,,,,,,,,,,,,,,,,,,,,,,,,,,,
Swan,Do swans feature strongly in mythology?,Yes.,,,,,,,,,,,,,,,,,,,,,,,,,,,,,,,,,,,,,,
Swan,Do swans feature strongly in mythology?,Yes,,,,,,,,,,,,,,,,,,,,,,,,,,,,,,,,,,,,,,
Swan,Is the Trumpeter Swan the largest bird?,It is the largest bird of North America.,,,,,,,,,,,,,,,,,,,,,,,,,,,,,,,,,,,,,,
Swan,Is the Trumpeter Swan the largest bird?,The Trumpeter Swan is the largest bird of North America,,,,,,,,,,,,,,,,,,,,,,,,,,,,,,,,,,,,,,
Swan,What is the name of young swans?,Cygnets.,,,,,,,,,,,,,,,,,,,,,,,,,,,,,,,,,,,,,,
Swan,What is the name of young swans?,Cygnets,,,,,,,,,,,,,,,,,,,,,,,,,,,,,,,,,,,,,,
Swan,"Where is the word ""swan"" derived from?",Old English swan.,,,,,,,,,,,,,,,,,,,,,,,,,,,,,,,,,,,,,,
Swan,"Where is the word ""swan"" derived from?","The Old English word ""swan",medium,S09_set1_a10,,,,,,,,,,,,,,,,,,,,,,,,,,,,,,,,,,,,
Swan,What is the best known story about a swan?,The Ugly Duckling fable.,,,,,,,,,,,,,,,,,,,,,,,,,,,,,,,,,,,,,,
Swan,What is the best known story about a swan?,The Ugly Duckling,,,,,,,,,,,,,,,,,,,,,,,,,,,,,,,,,,,,,,
Swan,Are swans and ducks birds of the same family?,Yes.,,,,,,,,,,,,,,,,,,,,,,,,,,,,,,,,,,,,,,
Swan,Are swans and ducks birds of the same family?,Yes,,,,,,,,,,,,,,,,,,,,,,,,,,,,,,,,,,,,,,
Swan,What is the name of an adult female?,Pen.,,,,,,,,,,,,,,,,,,,,,,,,,,,,,,,,,,,,,,
Swan,What is the name of an adult female?,An adult female swan is called a pen.,,,,,,,,,,,,,,,,,,,,,,,,,,,,,,,,,,,,,,
Swan,What is the color of the Australian Black Swan?,Completely black except for the white flight feathers on its wings.,,,,,,,,,,,,,,,,,,,,,,,,,,,,,,,,,,,,,,
Swan,What is the color of the Australian Black Swan?,Completely black except for the white feathers on its wings,,,,,,,,,,,,,,,,,,,,,,,,,,,,,,,,,,,,,,
Tiger,Is the Tiger a member of the Felidar family?,No.,,,,,,,,,,,,,,,,,,,,,,,,,,,,,,,,,,,,,,
Tiger,Is the Tiger a member of the Felidar family?,No,,,,,,,,,,,,,,,,,,,,,,,,,,,,,,,,,,,,,,
Tiger,Are tigers solitary animals?,Yes.,,,,,,,,,,,,,,,,,,,,,,,,,,,,,,,,,,,,,,
Tiger,Are tigers solitary animals?,Yes,,,,,,,,,,,,,,,,,,,,,,,,,,,,,,,,,,,,,,
Tiger,Are panthers a type of tiger?,No.,,,,,,,,,,,,,,,,,,,,,,,,,,,,,,,,,,,,,,
Tiger,Are panthers a type of tiger?,No,,,,,,,,,,,,,,,,,,,,,,,,,,,,,,,,,,,,,,
Tiger,What do tigers' powerfully built legs and shoulders allow tigers to do?,They have the ability to pull down prey substantially heavier than themselves.,,,,,,,,,,,,,,,,,,,,,,,,,,,,,,,,,,,,,,
Tiger,What do tigers' powerfully built legs and shoulders allow tigers to do?,have the ability to pull down prey substantially heavier than themselves,,,,,,,,,,,,,,,,,,,,,,,,,,,,,,,,,,,,,,
Tiger,What would a tiger do when seized by a crocodile?,A tiger will strike at the reptile's eyes with its paws.,,,,,,,,,,,,,,,,,,,,,,,,,,,,,,,,,,,,,,
Tiger,What would a tiger do when seized by a crocodile?,strike at the reptile's eyes with its paws,,,,,,,,,,,,,,,,,,,,,,,,,,,,,,,,,,,,,,
Tiger,What are the typical features of a tiger country?,It will always have good cover,S09_set1_a3,,,,,,,,,,,,,,,,,,,,,,,,,,,,,,,,,,,,,
Tiger,What are the typical features of a tiger country?,Good cover,medium,S09_set1_a3,,,,,,,,,,,,,,,,,,,,,,,,,,,,,,,,,,,,
Tiger,Would it be common for tigers to mate in January?,Yes.,,,,,,,,,,,,,,,,,,,,,,,,,,,,,,,,,,,,,,
Tiger,Would it be common for tigers to mate in January?,Yes,,,,,,,,,,,,,,,,,,,,,,,,,,,,,,,,,,,,,,
Tiger,About how many square kilometers would be needed to house 3 female tigers?,60 square kilometers,,,,,,,,,,,,,,,,,,,,,,,,,,,,,,,,,,,,,,
Tiger,About how many square kilometers would be needed to house 3 female tigers?,60,,,,,,,,,,,,,,,,,,,,,,,,,,,,,,,,,,,,,,
Tiger,Would a tiger be likely to feedon smaller animals, such as mice?,S09_set1_a3,,,,,,,,,,,,,,,,,,,,,,,,,,,,,,,,,,,,,
Trumpet,Did the predecessors to trumpets have valves?,No,,,,,,,,,,,,,,,,,,,,,,,,,,,,,,,,,,,,,,
Trumpet,Are trumpets constructed of brass?,Yes,,,,,,,,,,,,,,,,,,,,,,,,,,,,,,,,,,,,,,
Trumpet,Is the bass trumpet the smallest trumpet?,No,,,,,,,,,,,,,,,,,,,,,,,,,,,,,,,,,,,,,,
Trumpet,What musical styles is the trumpet used in?,Ska, Rock, Blues, pop, polka, cuban music, mariachi and funk.,medium,medium,S09_set2_a3,,,,,,,,,,,,,,,,,,,,,,,,,,,,,
Trumpet,What is the most common type of trumpet?,The B trumpet.,,,,,,,,,,,,,,,,,,,,,,,,,,,,,,,,,,,,,,
Trumpet,How does a trumpet produce sound?,By blowing air through closed lips.,,,,,,,,,,,,,,,,,,,,,,,,,,,,,,,,,,,,,,
Trumpet,How do trumpets compensate for wolf tones?,Somce trumpetes have a slide mechanism built in to compensate.,,,,,,,,,,,,,,,,,,,,,,,,,,,,,,,,,,,,,,
Trumpet,Did Miles Davis play the trumpet?,Yes,,,,,,,,,,,,,,,,,,,,,,,,,,,,,,,,,,,,,,
Trumpet,Does a trumpet have a mellower tone than a cornet?,No,,,,,,,,,,,,,,,,,,,,,,,,,,,,,,,,,,,,,,
Turtle,Is the name of the upper shell of a turtle called the plastron?,No.,,,,,,,,,,,,,,,,,,,,,,,,,,,,,,,,,,,,,,
Turtle,Do scutes fall away from the turtle's shell?,Some of the scutes eventually fall away from the shell.,,,,,,,,,,,,,,,,,,,,,,,,,,,,,,,,,,,,,,
Turtle,Do scutes fall away from the turtle's shell?,yes,S09_set1_a4,,,,,,,,,,,,,,,,,,,,,,,,,,,,,,,,,,,,,
Turtle,Do Terrestrial tortoises have short feet?,Yes.,,,,,,,,,,,,,,,,,,,,,,,,,,,,,,,,,,,,,,
Turtle,Do Terrestrial tortoises have short feet?,yes,,,,,,,,,,,,,,,,,,,,,,,,,,,,,,,,,,,,,,
Turtle,How many groups are turtles broken down into?,Two,,,,,,,,,,,,,,,,,,,,,,,,,,,,,,,,,,,,,,
Turtle,How many groups are turtles broken down into?,two,,,,,,,,,,,,,,,,,,,,,,,,,,,,,,,,,,,,,,
Turtle,Where are the only surviving giant tortoises?,They are on the Seychelles and Galápagos Islands.,,,,,,,,,,,,,,,,,,,,,,,,,,,,,,,,,,,,,,
Turtle,Where are the only surviving giant tortoises?,Seychelles and Gal�pagos Islands,,,,,,,,,,,,,,,,,,,,,,,,,,,,,,,,,,,,,,
Turtle,How do turtles chew food?,Turtles use their jaws to cut and chew food.,,,,,,,,,,,,,,,,,,,,,,,,,,,,,,,,,,,,,,
Turtle,How do turtles chew food?,Turtles use their jaws to cut and chew food,,,,,,,,,,,,,,,,,,,,,,,,,,,,,,,,,,,,,,
Turtle,Are tortoises land based?,Yes.,,,,,,,,,,,,,,,,,,,,,,,,,,,,,,,,,,,,,,
Turtle,Are tortoises land based?,yes,,,,,,,,,,,,,,,,,,,,,,,,,,,,,,,,,,,,,,
Turtle,Where are turtle eggs layed?,Turtles lay eggs on land.,,,,,,,,,,,,,,,,,,,,,,,,,,,,,,,,,,,,,,
Turtle,Where are turtle eggs layed?,on land,,,,,,,,,,,,,,,,,,,,,,,,,,,,,,,,,,,,,,
Turtle,Is turtle soup considered a delicacy?,No.,,,,,,,,,,,,,,,,,,,,,,,,,,,,,,,,,,,,,,
Turtle,Is turtle soup considered a delicacy?,yes,,,,,,,,,,,,,,,,,,,,,,,,,,,,,,,,,,,,,,
Turtle,Are Testudines the crown group of the superorder Chelonia?,yes,,,,,,,,,,,,,,,,,,,,,,,,,,,,,,,,,,,,,,
Turtle,Are Testudines the crown group of the superorder Chelonia?,Yes,,,,,,,,,,,,,,,,,,,,,,,,,,,,,,,,,,,,,,
Turtle,Do turtles breathe air?,yes,,,,,,,,,,,,,,,,,,,,,,,,,,,,,,,,,,,,,,
Turtle,Do turtles breathe air?,Yes,,,,,,,,,,,,,,,,,,,,,,,,,,,,,,,,,,,,,,
Turtle,Are harvesting wild turtles legal anywhere?,yes,,,,,,,,,,,,,,,,,,,,,,,,,,,,,,,,,,,,,,
Turtle,Approximately how many species of Testudines are alive today?,300,,,,,,,,,,,,,,,,,,,,,,,,,,,,,,,,,,,,,,
Turtle,Approximately how many species of Testudines are alive today?,300,,,,,,,,,,,,,,,,,,,,,,,,,,,,,,,,,,,,,,
Turtle,Where is harvesting wild turtles legal?,Florida,,,,,,,,,,,,,,,,,,,,,,,,,,,,,,,,,,,,,,
Turtle,Where is harvesting wild turtles legal?,Florida,,,,,,,,,,,,,,,,,,,,,,,,,,,,,,,,,,,,,,
Turtle,What was the largest ever chelonian?,Archelon ischyros,,,,,,,,,,,,,,,,,,,,,,,,,,,,,,,,,,,,,,
Turtle,What was the largest ever chelonian?,The great letherback sea tutrtle,,,,,,,,,,,,,,,,,,,,,,,,,,,,,,,,,,,,,,
Turtle,Is there a way to approximate the age of a turtle?,yes,,,,,,,,,,,,,,,,,,,,,,,,,,,,,,,,,,,,,,
Turtle,Is there a way to approximate the age of a turtle?,Yes,,,,,,,,,,,,,,,,,,,,,,,,,,,,,,,,,,,,,,
Turtle,Can turtles spend all their time underwater?,no,,,,,,,,,,,,,,,,,,,,,,,,,,,,,,,,,,,,,,
Turtle,Can turtles spend all their time underwater?,No,,,,,,,,,,,,,,,,,,,,,,,,,,,,,,,,,,,,,,
Violin,Are violinists and fiddlers the same thing?,Yes,,,,,,,,,,,,,,,,,,,,,,,,,,,,,,,,,,,,,,
Violin,Are violinists and fiddlers the same thing?,Yes,,,,,,,,,,,,,,,,,,,,,,,,,,,,,,,,,,,,,,
Violin,Are violins a single size?,no,,,,,,,,,,,,,,,,,,,,,,,,,,,,,,,,,,,,,,
Violin,Are violins a single size?,No,,,,,,,,,,,,,,,,,,,,,,,,,,,,,,,,,,,,,,
Violin,Are violas and cellos in the same family of instruments as violins?,yes,,,,,,,,,,,,,,,,,,,,,,,,,,,,,,,,,,,,,,
Violin,Are violas and cellos in the same family of instruments as violins?,Yes,,,,,,,,,,,,,,,,,,,,,,,,,,,,,,,,,,,,,,
Violin,"Where does the word ""violin"" come from?",the Middle Latin word vitula,S09_set2_a2,,,,,,,,,,,,,,,,,,,,,,,,,,,,,,,,,,,,,
Violin,"Where does the word ""violin"" come from?",the Middle Latin word vitula,,,,,,,,,,,,,,,,,,,,,,,,,,,,,,,,,,,,,,
Violin,What is someone who makes violins called?,a luthier,S09_set2_a2,,,,,,,,,,,,,,,,,,,,,,,,,,,,,,,,,,,,,
Violin,What is someone who makes violins called?,a luthier,,,,,,,,,,,,,,,,,,,,,,,,,,,,,,,,,,,,,,
Violin,How many strings does a violin usually have?,four,,,,,,,,,,,,,,,,,,,,,,,,,,,,,,,,,,,,,,
Violin,How many strings does a violin usually have?,4,,,,,,,,,,,,,,,,,,,,,,,,,,,,,,,,,,,,,,
Violin,What are violins made of?,different types of wood,,,,,,,,,,,,,,,,,,,,,,,,,,,,,,,,,,,,,,
Violin,What are violins made of?,maple,hard,S09_set2_a2,,,,,,,,,,,,,,,,,,,,,,,,,,,,,,,,,,,,
Violin,How long have people been making instruments like violins?,since ancient times,,,,,,,,,,,,,,,,,,,,,,,,,,,,,,,,,,,,,,
Violin,How long have people been making instruments like violins?,since 1555,,,,,,,,,,,,,,,,,,,,,,,,,,,,,,,,,,,,,,
Violin,Whate is the usual pitch range of a violin?,from G3 to C8,,,,,,,,,,,,,,,,,,,,,,,,,,,,,,,,,,,,,,
Violin,Whate is the usual pitch range of a violin?,from G3 to C8,,,,,,,,,,,,,,,,,,,,,,,,,,,,,,,,,,,,,,
Xylophone,Are xylophone bars made of rosewood?,yes,,,,,,,,,,,,,,,,,,,,,,,,,,,,,,,,,,,,,,
Xylophone,Is the xylophone a precursor to the vibraphone?,yes,,,,,,,,,,,,,,,,,,,,,,,,,,,,,,,,,,,,,,
Xylophone,Were ancient mallets made of copper?,no,,,,,,,,,,,,,,,,,,,,,,,,,,,,,,,,,,,,,,
Xylophone,Where did the xylophone originate?,Indonesia,,,,,,,,,,,,,,,,,,,,,,,,,,,,,,,,,,,,,,
Xylophone,What is the earliest historical reference in Europe?,Arnold Schlick's Spiegel der Orgelmacher und Organisten,,,,,,,,,,,,,,,,,,,,,,,,,,,,,,,,,,,,,,
Xylophone,How are western-style xylophones characterised?,by a bright,S09_set2_a8,,,,,,,,,,,,,,,,,,,,,,,,,,,,,,,,,,,,,
Xylophone,Can a xylophone be 3 octaves?,yes,,,,,,,,,,,,,,,,,,,,,,,,,,,,,,,,,,,,,,
Xylophone,Can a short bar follow a long bar?,no,,,,,,,,,,,,,,,,,,,,,,,,,,,,,,,,,,,,,,
Xylophone,Did vibraphones exist in 1930?,yes,,,,,,,,,,,,,,,,,,,,,,,,,,,,,,,,,,,,,,
